Publisher;Observer;FocusTaxaTorF;datasetKey;;;;;;;;;
Observation.org, Nature data from around the World;1;F;8a863029-f435-446a-821e-275f4f641165;;;;;;;;;
iNaturalist Research-grade Observations;1;F;50c9509d-22c7-4a22-a47d-8c48425ef4a7;;;;;;;;;
UK Butterfly Monitoring Scheme (UKBMS);1;T;1e266c3d-92ef-4d5a-8e4a-c04742c772c3;;;;;;;;;
Artportalen (Swedish Species Observation System);1;F;38b4c89f-584c-41bb-bd8f-cd1def33e92f;;;;;;;;;
Finnish Entomological Database;2;T;3b301884-51b9-443f-b63c-47feeccfb89f;;;;;;;;;
naturgucker;1;F;6ac3f774-d9fb-4796-b3e9-92bf6c81c084;;;;;;;;;
Swiss National Moths Databank ;2;T;82ad4e4e-f762-11e1-a439-00145eb45e9a;;;;;;;;;
Waarnemingen.be - Butterfly occurrences in Flanders and the Brussels Capital Region, Belgium;1;F;1f968e89-ca96-4065-91a5-4858e736b5aa;;;;;;;;;
Dragonfly records from the British Dragonfly Society Recording Scheme;3;T;1270b3c8-ff55-4b63-a407-dcd7e08cd23f;;;;;;;;;
Bugbase, Lepidopterological Society;2;T;87b6acb8-4db2-4769-93ca-e086040dfe14;;;;;;;;;
Norwegian Species Observation Service;1;F;b124e1e0-4755-430f-9eab-894f25a9b59c;;;;;;;;;
Suffolk Biodiversity Information Service (SBIS) Dataset;1;F;e707e6da-e143-445d-b41d-529c4a777e8b;;;;;;;;;
VectorBase (Bioinformatics Resource for Invertebrate Vectors of Human Pathogens);3;T;c3969d4c-b9c1-439a-96be-ebf369f17a0c;;;;;;;;;
NBIS Records to December 2016;2;F;02d1e772-54ee-4767-b4b8-c35f0c7270ba;;;;;;;;;
Dutch Foundation for Applied Water Research (STOWA) - Limnodata Neerlandica;3;T;37f48e00-1fe8-11dc-b461-b8a03c50a862;;;;;;;;;
Natural History Museum Rotterdam - Observations;NA;T;3ead5cf3-2840-482e-bbd9-76380825be63;;;;;;;;;
BRERC species records from all years at full resolution excluding Notable Species within the last 10 years;2;F;7d17a2b2-8751-41b5-ac9b-48effc1ea236;;;;;;;;;
BugGuide - Identification, Images, & Information For Insects, Spiders & Their Kin For the United States & Canada;1;F;cca13f2c-0d2c-4c2f-93b9-4446c0cc1629;;;;;;;;;
Taiwan Moth Occurrence Data Collected From Social Network;1;T;e0b8cb67-6667-423d-ab71-08021b6485f3;;;;;;;;;
Vlinderdatabank - Butterflies in Flanders and the Brussels Capital Region, Belgium;2;T;7888f666-f59e-4534-8478-3a10a3bfee45;;;;;;;;;
Wider Countryside Butterfly Scheme (WCBS);3;T;0e7ec47d-6247-4fdd-bfb7-96281e0b5ebe;;;;;;;;;
Système d’évaluation de l’état des Eaux (SEEE) - Invertébrés;3;T;d9f7b2f6-03b3-4cd3-817b-c61949d79b1d;;;;;;;;;
Swiss National Grasshoppers Databank;2;T;82afb86e-f762-11e1-a439-00145eb45e9a;;;;;;;;;
eButterfly Surveys;1;T;cf3bdc30-370c-48d3-8fff-b587a39d72d6;;;;;;;;;
National butterfly monitoring scheme in Finland;2;T;181eab51-9399-4baa-a0df-8de01a3acf19;;;;;;;;;
Butterfly distributions for Scotland from Butterfly Conservation and the Biological Records Centre;2;T;a7e947a1-15d4-43ab-a244-b4e7511e5423;;;;;;;;;
Norwegian Biodiversity Information Centre - Other datasets;3;T;492d63a8-4978-4bc7-acd8-7d0e3ac0e744;;;;;;;;;
Swiss National Dragonflies Databank;2;T;82ae8174-f762-11e1-a439-00145eb45e9a;;;;;;;;;
Collections and observation data National Museum of Natural History Luxembourg;3;F;962f59bc-f762-11e1-a439-00145eb45e9a;;;;;;;;;
Liste des espèces de la faune sauvage de la base de données naturalistes Faune-France 2018.;NA;T;1fec2829-4ac0-4329-b448-6f768b8d3427;;;;;;;;;
Caddisfly (Trichoptera) records from Britain (excluding Northern Ireland and Channel Islands) up to the end of 2020 from the National Trichoptera (Caddisfly) Recording Scheme;2;T;bba60198-3eb5-4101-954d-3e2c87df4b73;;;;;;;;;
Waarnemingen.be - Hymenoptera occurrences in Flanders and the Brussels Capital Region, Belgium;1;F;71cfd412-6327-4ec7-8035-d8b2d0509ac5;;;;;;;;;
SER Species-based Surveys;2;T;bbee118c-a50e-4f7f-bca1-d5bfefc5360b;;;;;;;;;
KiEco Freshwater Ecology: River Macroinvertebrates;3;T;fd7d3a3d-7f94-495f-9df6-842d12e2e4b7;;;;;;;;;
Azorean Biodiversity Portal;3;F;24baf0da-60a9-4a13-99d7-a8c860c3cb30;;;;;;;;;
Merseyside BioBank (verified);2;F;c3c56ab1-706c-4e7f-85f8-f6f860e203f2;;;;;;;;;
Shropshire Ecological Data Network database;1;F;25d4f82b-b2bc-4197-bc11-27c8e9a25439;;;;;;;;;
National Trust Species Records;2;F;594e1181-c38a-4f44-b78c-ceab50351cca;;;;;;;;;
Lithuanian Lepidoptera and Odonata;2;T;172f1923-eff1-4d81-8bd3-6023b2224bcb;;;;;;;;;
Swiss National Moths Databank;2;T;754e1720-be12-4ed6-a873-11a6f95aca47;;;;;;;;;
Données ONF faune-flore-fonge;2;F;43027054-3812-4599-b7bc-a01f1df5b071;;;;;;;;;
Estonian Naturalists’ Society;2;F;f1c4df18-12d6-40cb-ab51-5bb0d7f08d6e;;;;;;;;;
Bee, wasp and ant (Hymenoptera: Aculeata) records verified via iRecord;2;T;51b7fe74-b4d9-4027-bd75-8425bfcf5300;;;;;;;;;
DOF - Observations from the Danish Ornithological Society;1;T;95db4db8-f762-11e1-a439-00145eb45e9a;;;;;;;;;
Odonata Central;1;T;3ab13bbb-8efa-4f6a-838b-b6a8eaa3f4df;;;;;;;;;
CLICNAT Base de données naturaliste picarde gérée par Picardie Nature;2;F;ca435754-9190-4a87-9b2c-c21563898294;;;;;;;;;
CEN_PACA_2017_12_18;NA;F;66551429-5e35-4848-94f5-b13bcad669a5;;;;;;;;;
Swiss National Coleoptera Databank;2;T;b087c908-e2fb-413e-b107-c507b212169;;;;;;;;;
Suivi Photographique des Insectes Pollinisateurs (SPIPOLL);1;T;0797c245-3f7f-42db-b822-550a36b2a922;;;;;;;;;
Moths in Berkshire vice-county - records verified via iRecord;2;T;c8ab6260-a5b3-4605-a810-130bc08cf7ea;;;;;;;;;
All taxa records for Leicestershire and Rutland;2;F;5e43a220-a91d-485b-b608-58fd22693be7;;;;;;;;;
Données d'occurrences Espèces issues de l'inventaire des ZNIEFF;4;F;f946666e-67dc-4848-9fa8-2162f3559e33;;;;;;;;;
RECORD Butterfly Data;2;T;fd5b4916-122e-48bb-abe5-33dfd04f95e6;;;;;;;;;
BeeWalk bumblebee distributions for Great Britain 2008-2019;1;T;80df9ab6-fb28-422c-8b86-e92cf9bfdbf7;;;;;;;;;
Swiss National Apoidea Databank;2;T;f9ffbc32-a118-43b3-aee8-69f0776b3161;;;;;;;;;
NIEK_NES;3;F;ef6e0754-8bf2-4854-9aa3-3a2a1a90810b;;;;;;;;;
Welsh Invertebrate Database (WID);2;F;ce8530a2-cd4b-4e51-9927-76bf49b5a9a6;;;;;;;;;
National indicator data for river condition in New Zealand;3;T;8c535464-4c81-4417-a032-1d817fb352ae;;;;;;;;;
Suivi Temporel des Rhopalocères de France (STERF);1;T;869b574f-23eb-4575-a771-6ffd480dcdab;;;;;;;;;
Liste des espèces de la faune sauvage de la base de données naturalistes Faune-France 2017.;1;T;af0c7238-b6c5-4a4d-9fa7-7fb94516d0bc;;;;;;;;;
Waarnemingen.be - Orthoptera occurrences in Flanders and the Brussels Capital Region, Belgium;1;F;958b1d2f-2d11-4e94-a828-c8e2d2c013ca;;;;;;;;;
BV Insectarium Virtual;1;F;fb7d56ee-11aa-454f-8542-89e2ce0fa976;;;;;;;;;
Swedish Butterfly Monitoring Scheme (SeBMS);3;T;be77e203-486c-4651-91b9-8347968b728c;;;;;;;;;
Hatikka Observation Database;1;F;b84a3711-b4ca-4e4f-adac-80dfaea98d1c;;;;;;;;;
HBRG Insects Dataset;1;F;20fa3e49-f75c-4aad-adcd-6b3882caf6db;;;;;;;;;
Steve Lane - Warwickshire dataset and Personal records from various vice-counties;3;T;cbc9dc02-6315-4daf-add2-d132ace4662c;;;;;;;;;
UK Ladybird Survey data from iRecord;1;T;b4c0c858-f6f3-415f-aec1-f7e3534a8126;;;;;;;;;
Données naturalistes de CERCOPE (Jean-Louis PRATZ);3;F;88967ea9-19ea-4f4d-b137-879ee00ebda8;;;;;;;;;
NE Scotland butterfly and moth records 1800-2010;2;T;a4b65ad0-4873-4f93-9dd0-f9f8101aede8;;;;;;;;;
Biodiversitätsdatenbank Salzburg;3;F;c1492854-5d15-40e9-9ee7-24a18ac05112;;;;;;;;;
Waarnemingen.be - Hemiptera occurrences in Flanders and the Brussels Capital Region, Belgium;1;F;37e094f3-dcf2-469f-93a2-c4b9b5fa7275;;;;;;;;;
ArtenFinder;1;F;aa6c5ee6-d4d7-4a65-a04f-379cffbf4842;;;;;;;;;
PollardBase;2;T;6dc35c87-ff97-4708-9e45-6f764ddc1ef3;;;;;;;;;
Butterflies of Ireland;1;T;3a30ab5c-d1cf-4c22-8c25-1fd110ddd30d;;;;;;;;;
The Lepidopterists' Society Season Summary;2;T;2e6298fb-d9d7-4915-b69d-890b5aaf91df;;;;;;;;;
Ladybird Survey of the UK;1;T;68fa8801-0b3e-400e-afa6-5ad08e0f1e4c;;;;;;;;;
Waarnemingen.be - Non-native animal occurrences in Flanders and the Brussels Capital Region, Belgium;1;F;9a0b66df-7535-4f28-9f4e-5bc11b8b096c;;;;;;;;;
Earth Guardians Weekly Feed;1;F;e3ce628e-9683-4af7-b7a9-47eef785d3bb;;;;;;;;;
Inland water macroinvertebrate occurrences in Flanders, Belgium;3;T;5ca32e22-1f1b-4478-ba7f-1916c4e88d67;;;;;;;;;
Data on moths from automatically operating light traps in Denmark;3;T;7b5bc5ba-4972-4876-b35a-3f9aac590fe5;;;;;;;;;
"Données photographiques validées de la galerie du forum ""Le Monde des Insectes""";1*;F;54facf62-bf0c-43e7-9972-4fdc407fa6c5;;;;;;;;;
Invertebrate Common Standards Monitoring and ISIS Test Data;3;F;e2413993-3e6c-4519-abe5-02b75cb645c6;;;;;;;;;
River macroinvertebrate data for 2005 and 2006;3;T;98af357b-541e-4f16-b35c-8ca68767be99;;;;;;;;;
Butterfly monitoring scheme in Flanders, Belgium;3;T;81b909c7-5612-4148-8e70-99fea2cdb572;;;;;;;;;
Monarch Watch;2;T;cf7d6c01-309b-4545-8319-3d53b1e8bfd0;;;;;;;;;
CEDaR Online Recording;1;F;84f58d09-add5-469b-af6e-f3522a8dac7d;;;;;;;;;
Rotherham Biological Records Centre - Non-sensitive Records from all taxonomic groups;2;F;a99ca3c9-7448-4bf6-aba5-0ef61b01232c;;;;;;;;;
"The Danish Environmental Portal, species and habitats-database ""Danmarks Miljøportals Naturdatabase"": staatliche Behörden etc.";2;F;67fabcac-a638-40a6-9bea-aeca8aced9f1;;;;;;;;;
Atlas des rhopalocères du Nord et du Pas-de-Calais;1;T;af0dade1-e3c0-4682-8ca5-de368cfeff1d;;;;;;;;;
Wild bees of Belgium;2;T;0d7c6a1a-0aab-47dc-8256-f23fefac69cd;;;;;;;;;
Monitoring data from the federal state North Rhine-Westphalia (Germany);3;T;b5192815-5e90-45b4-a17d-62856a3ead51;;;;;;;;;
Leicestershire and Rutland Environmental Records Centre records 2000-2009;2;F;3965d122-ad7d-463e-90be-7eaa006bea18;;;;;;;;;
Carabidae records for Britain to 2014;3;T;0a02b3dc-3cea-4efe-96b7-1d349985805b;;;;;;;;;
Bob Merritt Coleoptera Dataset;3;T;559204c2-814a-4756-92b5-9dec6f0a1936;;;;;;;;;
Carnet B Lorraine;2;F;d3130e9c-8587-4545-baea-6e72876bb50c;;;;;;;;;
Shieldbug & allied species records, from iRecord;2;T;ad07ac5e-718d-40cc-8093-b61169b745ef;;;;;;;;;
Jeux de données provenant de l'ATBI Mercantour;2;F;2e409ff6-7714-417e-89ef-678207f66071;;;;;;;;;
Fauna Atlas N.T.;3;F;358fbd61-739f-4102-afc9-9d468f571e4d;;;;;;;;;
Diversidad de hormigas en ambientes urbanos de la ciudad de Santa Marta;3;T;b56fbfec-cf01-458a-b772-2df2c8403201;;;;;;;;;
Argyll Biological Records Dataset;2;F;1c736f5f-18d4-40d3-b25a-ec9d3c3500c7;;;;;;;;;
Soldierflies and Allies Recording Scheme - data verified via iRecord;2;T;1a20c977-7365-49d2-8100-5978d4e52234;;;;;;;;;
Insects, Outer Hebrides;2;F;5180805a-a528-40ea-a03b-4911ef4e4ef6;;;;;;;;;
LERN Records;2;F;b7cd5ad0-f65a-4de1-a1bb-318cf5ae12f8;;;;;;;;;
National Stag Beetle Surveys (Great Stag Hunts);1;T;aa734892-b053-4ac2-9b3e-243c347ae481;;;;;;;;;
Miscellaneous records held on the Cofnod database;2;F;3dc2a7f6-8d3a-4228-a69c-ec795028fe2f;;;;;;;;;
PROSERPINE_2017_12_18;NA;NA;a22a33ca-9f57-49ce-879b-c547a524a733;;;;;;;;;
Irish Butterfly Monitoring Scheme;1;T;18cd7e06-40e8-49da-919f-66e553dda347;;;;;;;;;
Données naturalistes de Monsieur François FOURNIER;3;F;f2e0d85b-8f0e-4045-b97e-66e5a837696c;;;;;;;;;
Data collected on citizen science web portal www.ornitho.cat;1;T;f3278405-0943-41a0-9f04-3a7733ec344d;;;;;;;;;
Threatened species occurrences, Denmark 1991-2015;3;T;9beef4fb-e3dd-475a-be95-45d2105b32bd;;;;;;;;;
Water Beetle Surveys from Britain and Ireland;2;T;4f174243-a6e2-4ab3-99cb-129d2a6267e7;;;;;;;;;
Monitoreo Ambiental del Proyecto La Colosa;3;T;9cc67633-537a-4acc-8d37-92feeaddb2cd;;;;;;;;;
Yorkshire Wildlife Trust - Non-sensitive records from all taxonomic groups;2;F;68ad7ec2-0f89-4d32-9ad2-650c88899eb8;;;;;;;;;
Belgian Coccinellidae - Ladybird beetles in Belgium;2;T;42319b8f-9b9d-448d-969f-656792a69176;;;;;;;;;
Estonian Nature Observations Database;1;F;c6bbb6ef-ad16-4f3c-99e2-f693760173e0;;;;;;;;;
Microlepidoptera of Glamorgan;3;T;d575bb70-0830-43b6-8974-6f25529fc26f;;;;;;;;;
Données faune, flore et fonge du Conservatoire des espaces naturels de Picardie;3;F;147834a9-fbff-4357-b8b8-e755c62df2ce;;;;;;;;;
BioFokus;3;F;2e4cc37b-302e-4f1b-bbbb-1f674ff90e14;;;;;;;;;
An 'as-complete-as-possible' Sussex Beetle Records dataset covering the period to March 2017;2;T;8a6ca920-216c-4731-a892-f5132570d9ad;;;;;;;;;
Atlas of the dragonflies and damselflies of West and Central Asia;NA;T;17298ce5-235a-4da7-ae6f-bd6cd26282ab;;;;;;;;;
RHS lily beetle (Lilioceris lilii) monitoring;2;T;17ea10b4-1ef2-42ba-9cb1-b38937dd15b9;;;;;;;;;
India Biodiversity Portal publication grade dataset;1;F;c6b86c40-ff71-4e5e-902c-111f400d0d56;;;;;;;;;
"Cranefly (Diptera; Tipuloidea) records for Britain to 2016";1;T;86ade71a-3894-4f17-bcde-f5894bc5e0f7;;;;;;;;;
Données Lépidoptères du cadre d'acquisition de François Fournier;3;T;3cd814ac-f90e-4e5b-a5e0-35446cfa61f1;;;;;;;;;
Portuguese Lepidoptera records compiled by Martin Corley's database;3;T;0f7c7942-c5d2-435e-afba-97df549dbc19;;;;;;;;;
Observations.be - Orthoptera occurrences in Wallonia, Belgium;1;F;e5707b52-5222-4b64-8b6d-be7d1b279cb3;;;;;;;;;
RNF - Données de l'association Vivarmor Nature;3;F;f6b72f89-09c9-4805-be09-96198ab19050;;;;;;;;;
Grasshopper and Cricket (Orthoptera) and related species records from Britain and Ireland to 2007;1;T;cbd94c94-02ae-4c40-b5b5-ec7221f0482b;;;;;;;;;
Carnet B Centre - lot 2012;NA;F;7e6df30d-d8af-438d-bb01-5a528f6f4fa3;;;;;;;;;
Dataset of butterfly monitoring in Sierra Nevada (Spain);3;T;d7a3df60-e856-438b-851d-74653ef6c0d2;;;;;;;;;
Données SAPROX - Benoît Dodelin (mars 2014);2;F;f0613af8-9a0e-42c9-bdc7-1479521a26fd;;;;;;;;;
Données acquises dans le cadre de l'activité du bureau d'étude BIOTOPE (1994 - 2013);3;F;6f0b28dc-60cf-4378-b0c4-c6c6979ffcbc;;;;;;;;;
Monitoring data from the federal state Hesse (Germany);3;T;505cabc3-7550-4fd1-96dc-6d77d5ffc6de;;;;;;;;;
CPERC Combined Dataset;2;F;84fc98d0-972c-42c1-817f-038bf5e35c0f;;;;;;;;;
Données SAPROX - Ecole d'ingénieur de Purpan;2;T;a1b96bad-8ef6-4fcb-9653-fb74535a97e4;;;;;;;;;
Bees of Ireland;2;T;6eed5110-c7b8-11de-b279-d063ea754e15;;;;;;;;;
Observations faune et flore du Parc national des Écrins;3;F;d38d6841-de2a-4a16-b39e-495402d8592b;;;;;;;;;
Banco de Datos de la Biodiversidad de la Comunitat Valenciana;2;F;95e635d4-f762-11e1-a439-00145eb45e9a;;;;;;;;;
Aquatic Heteroptera Dataset;2;T;045d64f1-29e5-4b8e-a0e7-8d7bd6b4d1db;;;;;;;;;
Coléoptères saproxyliques échantillonnés dans le cadre des projets de recherche Irstea sur la biodiversité forestière;3;T;4d9e1a03-26a9-44da-b207-92cba0881881;;;;;;;;;
Orthoptera and Allied Insects of the British Isles data from iRecord;2;T;935bb261-f341-49db-9b4c-58d7fbac0386;;;;;;;;;
Coleoptera: Records for Kent;1;T;216952bd-4392-4f48-bd5f-322486e2b35c;;;;;;;;;
Dataset of occurrence and incidence of pine processionary moth in Andalusia (South Spain);3;T;bb30e03a-b746-49e4-bab9-decbf27abdf1;;;;;;;;;
Limnic freshwater benthic invertebrates biogeographical mapping/inventory NTNU University Museum;3;T;33591b80-0e31-480c-82ce-2f57211b10e6;;;;;;;;;
RHS Box tree moth (Cydalima perspectalis) monitoring;2;T;4fac6de9-a3ae-4334-809c-89d7a56e0d06;;;;;;;;;
Diptera records from iRecord for families not covered by a recording scheme;2;T;12934e15-749a-4df4-ab89-211c10573525;;;;;;;;;
Monitoreo de biodiversidad del Valle del Cerrejón;3;F;edaa3a20-1d73-42ee-85f2-19105c1c8525;;;;;;;;;
Miscellaneous records held by BIS;2;F;5a1b62b2-4a1f-4404-b481-87836564d4a5;;;;;;;;;
Swiss National Databank of Mayflies, Stoneflies and Caddiesflies;2;T;c597d497-6659-4d4b-bb79-40b9fd528f38;;;;;;;;;
Isle of Wight Notable Species;2;T;3c2fb76f-ed3f-40dc-bb40-21adbbd857d5;;;;;;;;;
Waarnemingen.be - Other insect occurrences in Flanders and the Brussels Capital Region, Belgium;1;F;27e9e069-2862-4183-bcec-1e1a7f74d3e7;;;;;;;;;
Bumblebees and butterflies in Norway;1;T;aea17af8-5578-4b04-b5d3-7adf0c5a1e60;;;;;;;;;
Leicestershire and Rutland Environmental Records Centre records 2010-2014;2;F;fd7cda6d-0bdb-44ed-9319-010c286d4633;;;;;;;;;
CEDaR Dragonflies of Ireland;3;T;0cf53e35-0fc6-47b7-ad47-4c57e16a3d7e;;;;;;;;;
Merseyside BioBank (unverified);1;F;0284b82d-cdd1-4d67-83bd-c8e42e988adb;;;;;;;;;
Cawthron Institute freshwater invertebrate data;3;T;18d0270e-899b-4a16-82f2-aa87d93bb1df;;;;;;;;;
RHS monitoring of native and naturalised plants and animals at its gardens and surrounding areas;2;F;6ec0db76-23c5-44b5-80f8-ad7e2aa17773;;;;;;;;;
Ground Beetle Recording Scheme - data verified via iRecord;2;T;fb1ff97d-b030-4a37-9fd4-5c65f12db810;;;;;;;;;
Northern Ireland Environment Agency (NIEA) Collated Species Records;3;F;1cd10854-e401-4822-ae48-adaeeedc647d;;;;;;;;;
Canberra Nature Map;2;T;c19a8f6e-c368-494d-942e-10108d8867a7;;;;;;;;;
SEWBReC Beetles (South East Wales);2;T;5e5ddab0-ffad-4dc1-b095-7d43c6b36bb6;;;;;;;;;
Données faune Indre Nature 2016-2017;4;F;7c2b4560-397c-4ad9-b245-3064b999450a;;;;;;;;;
Données bibliographiques et opportunistes Odonates issues du SIRF;1;T;6bbd9c2d-bde0-4f31-8aa2-287192c5c11b;;;;;;;;;
Base de données faune - DREAL Centre-Val de Loire. Polygones;2;F;/7b573d12-767c-4d2c-a434-651c4e7764e8;;;;;;;;;
Données Opie, Coléoptères saproxyliques;2;T;1da1b76c-2a46-4a5a-b4f2-e883b0cc1240;;;;;;;;;
BRERC Notable Species records within the last 10 years;2;T;f7fd7255-5be6-48cf-b76a-821cb84aa93f;;;;;;;;;
SEWBReC Diptera - True Flies (South East Wales);2;T;3968e868-da6f-4120-a0e0-47a5bb6cb5dc;;;;;;;;;
Weevil and Bark Beetle records via iRecord;2;T;6a9b060b-d419-4569-ad6f-5ebf4afbbcf3;;;;;;;;;
Biodiversitätsdatenbank Nationalpark Hohe Tauern;3;F;c7730a08-74b4-48cd-80a7-831a19ac660d;;;;;;;;;
SEWBReC Bees, Wasps and Ants (South East Wales);2;T;aa8fe1e4-10ec-4fb1-a520-c062b91cb788;;;;;;;;;
Données faune, flore et fonge du Conservatoire des espaces naturels du Nord Pas-de-Calais;3;F;80ec681f-e53c-4b7e-9e9c-3f50a0f3e269;;;;;;;;;
Saltabel - Orthoptera in Belgium;1;T;76cc7230-76b6-4763-9caf-22626b29c0a6;;;;;;;;;
Mayfly (Ephemeroptera) Data for Great Britain for 1906-2017;2;T;14e259a2-7985-4001-b799-1dc177067ab1;;;;;;;;;
Soldier Beetles and Allies Recording Scheme - data verified via iRecord;2;T;97f3592b-08ab-4adb-85df-1fb3bee7e2d3;;;;;;;;;
Données naturalistes faune du Conservatoire des espaces naturels Auvergne saisies avant le 18 février 2019.;2;T;36d9b785-0739-4ce9-82e7-cf5001c20104;;;;;;;;;
Monitoring data from the federal state Bavaria (Germany);3;T;3186cd3f-a7d0-4e64-bb60-630e20a47fa6;;;;;;;;;
Application INPN Espèces: Observations naturalistes, participatives et opportunistes, fondées sur des photographies;1;F;7247dc2e-b862-4555-b533-7701d183271b;;;;;;;;;
ECO-MED_2017_12_18;NA;NA;426a7529-7b53-4dab-b1b9-c6038c8d74ad;;;;;;;;;
Leicestershire and Rutland Environmental Records Centre records 2015-2019;2;F;c665b271-454b-4844-a039-426dac634908;;;;;;;;;
DREAL_PACA_2017_12_18;NA;NA;fda395aa-63c9-4b98-99e4-8d37651aa4f5;;;;;;;;;
Données de l'Observatoire de la Faune de Bourgogne;2;T;ce861efd-402f-4c10-a9fb-30ad0426bd15;;;;;;;;;
ALA species sightings and OzAtlas;1;F;84a649ce-ff81-420d-9c41-aa1de59e3766;;;;;;;;;
Système d’Information Régional sur la Faune et la Flore - FNE Centre-Val de Loire - Données saisies entre 01-01-2017 et 31-03-2018;2;F;663bae95-7134-4cb3-9085-e9c4afbf8fb0;;;;;;;;;
Suivi de l'expansion du Frelon asiatique (Vespa velutina) : données Frelon;2;T;9fd6c3da-88f7-4df7-9a3f-3f3f9c703998;;;;;;;;;
Observations occasionnelles Parc national des Pyrénées;2;F;c6d289cc-62ee-46e1-9367-515092eed533;;;;;;;;;
Invertebrate records from sites that are mainly across Scotland;2;F;94c74198-9eaf-4b43-a349-0b566dcd648a;;;;;;;;;
Invertebrate Site Register - England (1738-2005).;2;T;8359171b-9432-421e-88fc-56a55f1c098c;;;;;;;;;
Registros biológicos asociados al monitoreo de la diversidad de escarabajos en paisajes ganaderos de bosque 2013 - 2017;3;T;7fbc7c55-1468-4163-85dd-29aa7fa85254;;;;;;;;;
NINA insect database;3;F;346a9b13-5c96-4793-bcd7-d6614950e726;;;;;;;;;
Monitoring data from the federal state Rhineland-Palatinate (Germany);3;T;5d2f6092-6dcd-496b-abba-6d9e95ccc801;;;;;;;;;
Données de répartition de l’association FLAVIA A.D.E. acquises avec un financement public.;3;F;601540ae-e975-48b7-87a8-a4a663f10e68;;;;;;;;;
Parc_National_des_Ecrins_2017_12_18;NA;NA;ae89759c-c8f0-436f-bcc9-ef67874e2e30;;;;;;;;;
Meetnetten.be - Transects for butterflies in Flanders, Belgium;3;T;63938753-1fec-4c08-ae39-e9f8a6576521;;;;;;;;;
Suivi Temporel des Libellules (STELI);2;T;c709bf36-4964-4771-90f0-c6ba4b351620;;;;;;;;;
Chrysomelidae beetle data from iRecord;2;T;05835387-a9e6-403a-9c61-02632467ff21;;;;;;;;;
Xerces Society - Bumble Bee Watch;1;T;f1a4ce9a-97cd-4d35-bf5e-561f2f1c6d91;;;;;;;;;
Carabidae of the Carpathians;NA;T;cd629c30-30b1-11de-b170-b8a03c50a862;;;;;;;;;
National Trust for Scotland Species Records;2;F;efb3f1a0-43d5-4ae6-a58f-4fd61043756a;;;;;;;;;
Fourmis de France métropolitaine : données AntArea;2;T;17167110-dddf-4c70-adde-2ecc46829521;;;;;;;;;
Occurrences de vecteurs de maladies recensées à l'Hôpital de Mènontin;2;T;a542f2ae-f48e-48eb-95a4-db7b6cc83e99;;;;;;;Waarnemingen: Butterfly, Hymenoptera, Orthoptera, Hempitera, non native;;
NSW BioNet Atlas;2;F;0645ccdb-e001-4ab0-9729-51f1755e007e;;;;;;;;;
Tachinid Recording Scheme - GB and Ireland records;2;T;27e416d9-ac57-48a6-ad78-55990f7af998;;;;;;;;;
SEWBReC Dragonflies and Damselflies (South East Wales);2;T;0ee9e63e-8eda-4bb1-aab1-9a29232cf437;;;;;;;;;
Collated IRTU Freshwater Surveys;2;T;70921b14-8ee5-47a0-aea4-679ac21e8196;;;;;;;;;
OPIE_National_2017_12_18;NA;NA;7715f20e-bafd-47eb-a4e0-86dce0e8d567;;;;;;;;;
Merseyside BioBank Active Naturalists (unverified);2;F;547f2b71-ba25-4254-aaf1-4823600e7784;;;;;;;;;
Sawfly (Symphyta) records from iRecord;2;T;b650365b-6ff5-403b-916a-f1c4a176bb45;;;;;;;;;
Données Entomologiques A. HORELLOU 1988-2018;NA;NA;4e0ae4ef-4f11-4cfe-9f3a-3c8a2465d205;;;;;;;;;
RNF - Données du Conservatoire d'espaces naturel Franche-Comté;2;F;85845a0d-b78a-43c9-961c-3f718ec1e086;;;;;;;;;
Derek Lott Coleoptera Dataset;2;T;ec148118-3936-4e83-a2ca-a1e19529fa92;;;;;;;;;
RECORD Odonata Data;2;T;4769b578-3ec1-4f45-9090-ea9b2422e3db;;;;;;;;;
Mise en place d'un suivi scientifique des rhopalocères pour la production d’indicateurs de biodiversité;3;T;5cb36cde-7306-4e47-a904-d03419ed83d7;;;;;;;;;
Bob Merritt invertebrate records for VCs 72-75;3;F;da5f7bf0-c72a-4087-b116-885fbdd10c03;;;;;;;;;
Données de la structure Naturessonne provenant de la base de donnée du SINP Île-de-France CETTIA;2;F;732b8816-1367-4cb2-80f9-343063ed3442;;;;;;;;;
Scottish river macro-invertebrate records from 2007 collected by SEPA;3;T;70b7c7b1-fbea-4771-8b63-ee1c7fae393d;;;;;;;;;
Alterra (NL) - Comparison of entomofauna in four different habitats;3;F;dc55fd8a-47af-47fe-a59e-a2890c72fed1;;;;;;;;;
"Natagriwal ; Observations made from operations within Natura 2000 habitats and other semi-natural areas";3;T;ea410929-015a-4093-9c7e-7be2482668c9;;;;;;;;;
Finds of Lepidoptera species in the steppe zone of Ukraine according to some literature resources;4;T;2ccf651c-2974-4ac5-807c-dd43cb7de973;;;;;;;;;
Israeli Butterfly Monitoring Scheme (BMS-IL);2 o 3;T;647ae6f8-8e26-4189-b448-02b45b7ad884;;;;;;;;;
CarNET B - Lot 2013;2;F;43eb9aad-9db1-4691-b1e2-ec57bfbbea22;;;;;;;;;
Enquête Lucane;4;T;df87d47a-6580-4417-8c4c-7e1a504ed4a7;;;;;;;;;
ForestCheck Invertebrates;3;F;e6e855d7-9775-400f-883b-c4e04e517d79;;;;;;;;;
Swiss National Vespoidea Databank;2;T;81981d98-e27f-4155-9a94-9eae9bbad2be;;;;;;;;;
RNF - Conservatoire d'espaces naturel Nord-Pas-de-Calais;2;F;dceb7843-b7e7-4dc7-b50e-b978e52e27dc;;;;;;;;;
Caddisfly (Trichoptera) records from Britain and Ireland, via iRecord;2*;T;5187a2f9-91f1-4511-b4f0-60a2658a7e36;;;;;;;;;
Species recordings from the Danish National portal Arter.dk;1;F;963a6b96-4d22-4428-86e4-afee52cf4a8e;;;;;;;;;
Anthomyiidae records via iRecord;2;T;cf0a605d-7e32-4482-9e45-1a83bfd8061a;;;;;;;;;
Victorian Biodiversity Atlas;2;F;37beb6ea-e591-41e3-b781-e384250dc42c;;;;;;;;Waarnemingen.be - Other insect occurrences in Flanders and the Brussels Capital Region, Belgium;27e9e069-2862-4183-bcec-1e1a7f74d3e7
Société_Française_d'Odonatologie_2017_12_18;2;T;d0e4fd1c-171e-4e75-a539-324bfbd82ec0;;;;;;;;;
"Formidabel; Belgian Ants Database";2;T;b528799a-2d52-4023-aa02-9ce081e3ca5f;;;;;;;;;
Données du/de la naturaliste Bottinelli Julien provenant de la base de donnée du SINP Île-de-France CETTIA;3;F;d7bc133c-6427-4e66-a1aa-1132abb28e4c;;;;;;;;;
ONF_2017_12_18;NA;NA;5492d04f-683d-4512-b77a-6d57f989810c;;;;;;;;;
Suivi de l'expansion du Frelon asiatique (Vespa velutina) : données Frelon;2;T;4145cd45-8a92-426d-be8b-bfbbf5209032;;;;;;;;;
Données naturalistes de Pierre FRAPA;NA;NA;d6172663-73c4-4dfa-b483-36f454936a37;;;;;;;;;
Monitoring data from the federal state Mecklenburg-Western Pomerania (Germany);3;T;5e34ffdf-2648-4ecf-ab53-555e3d3d8d2b;;;;;;;;;
Odonata records from Kent's County Dragonfly Recorders (1976-2005);1;T;2b91dc29-e06a-4e2e-a85b-e7781b4f5d0d;;;;;;;;;
Lepidoptera collection of Hannu Saarenmaa;3;T;84ede380-f762-11e1-a439-00145eb45e9a;;;;;;;;;
Riparia;2;T;6965a5f6-306a-494f-b7a4-c725f046931e;;;;;;;;;
Inventaires entomologiques en Normandie;NA;T;c0077f76-b76a-437e-a030-e6eddad55157;;;;;;;;;
NatureServe Network Species Occurrence Data;2;T;7fd12114-9010-4c13-8f46-990fe04ca882;;;;;;;;;
Monitoring data from the federal state Saxony-Anhalt (Germany);3;T;deae7cbd-0c20-422f-a7f9-4e8acfb57c4a;;;;;;;;;
Inventaire des Ephémères de métropole (Opie);3;T;f88f9c5b-9097-4bfe-877a-8917b08f75e3;;;;;;;;;
Données naturalistes de Arnaud HORELLOU;NA;NA;d8ad40fb-908b-462c-a21c-88fecad83389;;;;;;;;;
Biowide Species data;3;F;cd4eb3ec-0a18-42b4-bda4-155716ddd7b1;;;;;;;;;
Chrysomelidae of the Carpathians;NA;T;405137b0-30b2-11de-b171-b8a03c50a862;;;;;;;;;
Données faune pour le rapportage européen DHFF-DO 2018;NA;F;29cd9f29-7c76-4e6b-a8b8-78d91eaf49bf;;;;;;;;;
Commissioned surveys and staff surveys and reports for Scottish Wildlife Trust reserves - Verified data;2;F;887e6209-ea70-46a7-9652-fc94ca97ae0a;;;;;;;;;
National River Water Quality Network Database (Macro-invertebrates) 2009-2018;3;T;fcf464de-3ef3-477d-90a2-6002f3c78143;;;;;;;;;
Parc_National_du_Mercantour_2017_12_18;NA;NA;4e3e00d6-6a60-401d-af5a-1a4816755f72;;;;;;;;;
Isle of Man wildlife records from 01/01/2000 to 13/02/2017;2;F;0d9accc4-309d-44ad-901e-f221e1d0ec80;;;;;;;;;
Données du naturaliste DEHALLEUX Axel provenant de la base de donnée du SINP Île-de-France CETTIA;NA;NA;d71b721d-6eb0-45d2-8794-7e6b5296ccbd;;;;;;;;;
Norfolk and Suffolk Broads Invertebrate Data 2007-2008;NA;F;22f40db4-cdeb-499c-82fe-5d401829747d;;;;;;;;;
Données Orthoptères issues du Système d'Information Régional sur la Faune du Nord – Pas-de-Calais (SiRF);;T;f339bf2a-5411-40d5-b4ed-80d0fc28f32d;;;;;;;;;
Stoneflies (Plecoptera) of Ireland;3;T;6633ffa2-dc07-4d6f-a7e4-6f53d9d94dd7;;;;;;;;;
Données multi sources collectées par Hanot Christophe, pour l'atlas des Cerambycidae de métropole (lot 2017);2;F;9fc816de-28c7-4484-940a-902af780a96f;;;;;;;;;
Système d’Information Régional sur la Faune et la Flore - FNE Centre-Val de Loire - Données 2016;2;F;70f49e37-aea1-4ede-a21a-03057bc0a984;;;;;;;;;
River Biologists' Database (EPA);NA;T;1a6d5bcd-cb62-468f-967f-fd25e18c3b8c;;;;;;;;;
Environment Agency England and Wales (2007) freshwater invertebrate species (single species families);3;T;05d6ca91-1c63-429e-8801-3b59e2de2707;;;;;;;;;
Données opportunistes de contributeurs bénévoles sur les rhopalocères 1961/2016;NA;T;ad78fc16-aa0d-4e4c-b002-25235cf97c41;;;;;;;;;
Données bibliographiques et opportunistes Coccinelles du Nord Pas-de-Calais issues du SIRF;1;T;b83e514a-48fa-4ec2-a516-29e48bb9488c;;;;;;;;;
Fife Nature Records Centre combined dataset;2;F;c358edb6-9b46-45eb-a173-b854910500a9;;;;;;;;;
Carabidae of Poland;3;T;f507fe60-30b1-11de-b170-b8a03c50a862;;;;;;;;;
2010-2013 Beetle Data from Machair LIFE+ Project Plots;3;T;600c4445-563b-4e4a-a086-f7b5ba564e09;;;;;;;;;
SEWBReC Hemiptera - True Bugs (South East Wales);2;T;04883d31-9c89-4f63-b9f6-578b775c55cc;;;;;;;;;
Bob Merritt dataset of Nottinghamshire invertebrates;3;T;cc380a38-100a-408f-84c3-864de932d52c;;;;;;;;;
Données rhopalocères de Inge VAN HALDER;NA;T;6a36ed65-630e-481f-864e-e06db1f8620b;;;;;;;;;
Efectos del Cambio Ambiental en las comunidades de organismos de los ríos mediterráneos;3;T;2444d607-5bbc-4b7a-a804-fd9fbaebd6c6;;;;;;;;;
Datos de ocurrencia de triatominos presentes en Argentina del Laboratorio de Triatominos del CEPAVE (CONICET-UNLP);2;T;94adad5f-fb11-426f-93e0-3dd02f3ccd1d;;;;;;;;;
UAM Insect Observations (Arctos);2;F;ecca1a3e-3b7d-4229-8a7a-d106997e6d03;;;;;;;;;
Données naturalistes de Bruno OGER;NA;NA;87603385-f33f-4577-8e50-ab67f36faa35;;;;;;;;;
Mise en place d'un suivi scientifique des odonates pour la production d’indicateurs de biodiversité;3;T;88cd034f-34a5-4a52-990d-78e085832ece;;;;;;;;;
Escarabajos coprófagos (Coleoptera: Scarabaeidae: Scarabaeinae) de bosques secos Colombianos de la Colección Entomológica del Instituto Alexander von Humboldt;3;T;ed195c7e-2727-46f8-ac2e-37c0af2c8c59;;;;;;;;;
Bringing Reedbeds to Life Invertebrate Survey of three key reedbed sites in England in 2009, 2010;3;T;4bc14221-60af-43e5-8e92-0c2b262b9945;;;;;;;;;
RNF - Données de la Communauté de Communes de Gevrey Chambertin;NA;NA;fddb5997-0587-4585-88af-57855f120908;;;;;;;;;
Observations naturalistes et collection entomologique de Julien TOUROULT;3;T;a7910107-b902-401c-989a-3b4e70c9070d;;;;;;;;;
National River Water Quality Network Database (Macro-invertebrates) 1990-2008;3;T;3b63eb62-1080-49f1-bf60-8beb6fa16994;;;;;;;;;
iRecord Surveys;2;F;61313732-a660-4fdf-9cfb-0d13d4553bbe;;;;;;;;;
Heteroptera: Records for Kent;2;T;b660c51c-17cc-44e7-973a-bec13da75166;;;;;;;;;
Biodiversity4all Research-Grade Observations;1;F;2bf7b2c0-34dc-4458-8ee4-4f99fac03b33;;;;;;;;;
Amis_des_Marais_du_Vigueirat_2017_12_18;NA;NA;28646617-3f8e-4910-849e-e3776e3fec78;;;;;;;;;
Données naturalistes de Benoit MARTHA;NA;NA;818b61fe-8c37-4c49-83f8-fa710cfdbb81;;;;;;;;;
Riverfly Census - Aquatic invertebrate species occurrence, for the calculation of pressure biometric scores in English and Welsh rivers covering the period 2015 - 2018;3;T;7118a4ac-2cb2-4c10-b283-c8d2b7c7d5d5;;;;;;;;;
Données d'observations d'orthoptères en Auvergne, d'Emmanuel Boitier, de 1998 à 2015.;NA;NA;b259f2b4-e3d5-48ff-98e2-e5a7540f9d90;;;;;;;;;
Wetland Invertebrate and Environmental Data 2010 Sampling Events;3;T;3c02253e-da74-49dd-b059-c693727406fd;;;;;;;;;
Tour_du_Valat_2017_12_18;NA;NA;cba362bc-aab5-4ad2-9d72-d3498851e53f;;;;;;;;;
Données Protocole Papillons Gestionnaires (PROPAGE);2;T;cfd3d799-f92e-4549-8fa1-6f4265a0ad78;;;;;;;;;
RNF - Données du Conservatoire d'espaces naturel Centre;2;F;cdafb94e-6dcc-44de-b0ef-98439a1ca28e;;;;;;;;;
Stackpole National Nature Reserve Species Inventory and Ad-hoc Sightings from Across Pembrokeshire;NA;F;daae5a66-7bb4-4431-ac3c-a1bf70ca3407;;;;;;;;;
LPO_PACA_2017_12_18;NA;NA;d3c56ecd-a0e2-4659-aa1e-cf3592ba551f;;;;;;;;;
Biodiversity Now / Nature Check (Biodiversitet Nu / NaturTjek);1;T;dd3d3e63-118f-49c1-beb6-bdb34d2c7a2a;;;;;;;;;
Noctuoidea de France métropolitaine;NA;T;528ad5f2-b6d4-4ea6-89a1-ddfafee4ec45;;;;;;;;;
NSW Waterwatch;1;T;4797da32-5693-4281-a8f1-bf99bae66ddb;;;;;;;;;
Lepidoptera of Mordovia State Nature Reserve;3;T;bf77f311-65ad-4008-bce9-0805a0f087d4;;;;;;;;;
Carabid beetles of the environs of the Elton Lake: fauna, population dynamics, demography;3;T;81a55a32-e89b-4959-8e49-0481c4d31973;;;;;;;;;
Coleoptera records from iRecord for families not covered by a recording scheme;2;T;3dc9bf37-32f5-492f-92fc-559faf6d93e8;;;;;;;;;
NatureShare;1;F;b6465deb-2071-445a-9ebd-d5722e1ed7e2;;;;;;;;;
Données naturalistes de Pierre HUGUENY;NA;NA;aec85dc0-9807-4bad-aa4e-aa1e8f0bfeeb;;;;;;;;;
Protocole du Chronoventaire;NA;T;618212a3-6fd6-4347-b795-ee2c6246ebeb;;;;;;;;;
Observations.be - Non-native species occurrences in Wallonia, Belgium;1;T;629befd5-fb45-4365-95c4-d07e72479b37;;;;;;;;;
RECORD Aculeate Hymenoptera Data;2;T;febbedff-5914-466d-a7a9-acc028a13b8b;;;;;;;;;
Silphidae Recording Scheme - data verified via iRecord;2;T;14652c82-e5d1-4c3e-bd3b-0f28e0315e08;;;;;;;;;
Données naturalistes de Cédric JACQUIER;NA;NA;e3dddc3c-da91-4deb-bffa-c956c1f7060f;;;;;;;;;
Odonata records from RSPB Reserves 1970-2009;2;T;bcba1531-fb72-4a70-ade4-3845f58005a6;;;;;;;;;
Vigie-Chiro;NA;T;82239c10-7292-414d-8ce9-37e2b6f96a01;;;;;;;;;
Données naturalistes de MOREAU Patrice;NA;NA;47c11f62-1b68-404a-8bba-2e85d3404906;;;;;;;;;
Lepidoptera Records up to April 2010;2;T;6d2c56f6-9643-429c-b4e6-c752f6a2602a;;;;;;;;;
La Planète Revisitée, massif du Mitaraka, mission principale (février-mars 2015);3;F;e42bf2ce-364f-444c-ba0e-c5947cc5f4b3;;;;;;;;;
Données du parc national de la Vanoise;4;F;bff23119-69aa-4127-9710-08cccd0d6fa3;;;;;;;;;
Dragonfly Ireland 2019 to 2024;1;T;43fa788e-a1ac-46bd-ab45-cd39db08d754;;;;;;;;;
HBRG Richard Moore beetle records from Raasay Dataset;3;T;e0965074-67c1-46c0-9360-f8e4f98867b1;;;;;;;;;
Revue oreina [2008- ];NA;T;0eca5dd3-55ec-4c0e-ba89-972b40786343;;;;;;;;;
UK Sarcophagidae Recording Scheme;2;T;6d255bce-0129-42c7-bfee-467843015242;;;;;;;;;
SEWBReC Grasshoppers, Bush-crickets and allies (South East Wales);2;T;4ef9544b-2b9c-49ae-9c82-195d2866ca01;;;;;;;;;
Gyrinidae, Haliplidae, Noteridae and Dytiscidae occurrences in Denmark, recorded by Mogens Holmen;3;T;68c5c38b-4023-4093-b658-0453c2159195;;;;;;;;;
Ground beetles (Carabidae) in urban habitats of Kaluga city (Russia);3;T;5b4ba541-ad87-4d28-b8ca-a803335fd49d;;;;;;;;;
Inventaire des coléoptères saproxyliques du département de la Santé des Forêts;3;T;b0dd9739-9cfa-4ee4-8e17-358c9e6a46f8;;;;;;;;;
Données du naturaliste Luquet Gérard provenant de la base de donnée du SINP Île-de-France CETTIA; NA;NA;511fbf0b-2c05-43f0-a510-ab417fa97ffe;;;;;;;;;
Parc_National_de_Port_Cros_2017_12_18;NA;NA;e110bdcf-81f6-4d3b-b7e8-fe12ed94e3e3;;;;;;;;;
Stonefly (Plecoptera) Data for Great Britain for 1955-2005;2;T;2c27c186-4ce8-483c-8b4d-c3d98beaabd9;;;;;;;;;
Orthoptera & Allies: Records for Kent;1;T;e0eb19aa-f73c-4e45-917e-d2d3c157ed92;;;;;;;;;
NINA Vanndata øvrige arter;NA;NA;2c28a663-db16-48d3-9cd0-3c7ec8d8d873;;;;;;;;;
Reiner Richter Odonata;NA;T;470cccd6-0a5b-4839-a2d1-8ae5d0bf9926;;;;;;;;;
DIBA-Parc Natural del Montseny;2;F;765770cf-a2cf-4e5a-84e3-526a50754239;;;;;;;;;
Données Faune ANEPE Caudalis 2017;2;F;5b102996-823d-45a8-9fc4-451172e33856;;;;;;;;;
Water Bug (aquatic Heteroptera) data for Britain;2;T;80455677-4c00-4c3d-8290-446e459a9e9c;;;;;;;;;
Regroupement de données Rhopalocères;2;T;284fb9f7-eaf1-46ea-b9e2-f490efafa63b;;;;;;;;;
Casual records for Scottish Wildlife Trust reserves - Verified data;1;F;1b11a5e3-6991-44fd-848b-6fd9c1368c58;;;;;;;;;
Likona Invertebrates;NA;NA;1a1d6a39-8651-49a1-a75c-e379a45429bf;;;;;;;;;
"Bee occurrence data collected in ""Hanamaru-Maruhana national census (Bumble bee national census)"" in Japan";1;T;5f7aeace-46b9-4516-8b1e-09650aee9024;;;;;;;;;
European Invertebrate Survey (EIS-NL) - Orthoptera Observations;NA;T;d27aa0d9-dd46-4fa4-b6c8-c7283c67dd1d;;;;;;;;;
Dreal Corse - Base Ogreva;2;F;c7521912-d688-4863-857b-6d78fe4f80e1;;;;;;;;;
NE Scotland other invertebrate records 1800-2010;2;T;0a0d4ca1-5bfd-4594-9d51-40b972308bf5;;;;;;;;;
Ireland's BioBlitz;2;F;80576d53-992a-41f3-a3e3-dfd0fa0242ee;;;;;;;;;
Données naturalistes de Pascal Dupont;NA;T;eae096ac-c585-4234-99cb-b32e7c517604;;;;;;;;;
Répartition des Cerambycidae du Massif Armoricain GRETIA (Gouverneur & Guérard);NA;F;34d4053d-a75e-452b-8aae-44d90a725ba4;;;;;;;;;
Système d’Information Régional sur la Faune et la Flore - FNE Centre-Val de Loire - Données 2015;2;F;4cb11f8e-7132-43e9-a52c-dad325938326;;;;;;;;;
Données naturalistes de Pascal PEYRACHE;NA;NA;1acd2f97-63ae-4d86-bdc6-a0e9105e5e3a;;;;;;;;;
Données faune Nature 18 - 2017;4;F;3fc4714c-bbd1-4336-9b49-77bdb76910e3;;;;;;;;;
étude entomologique et plan de gestion de la forêt de bréviande;3;F;b5e2450a-3b79-4f92-9238-e21bc53a26f5;;;;;;;;;
Données de la base Ecosphère;3;F;6318161e-024b-4cf5-b08b-1ba1c98a5c51;;;;;;;;;
Records of protected animals species in Ukraine;2;T;2b00ca94-c839-4a28-8c58-1412523958f1;;;;;;;;;
Micro-moths distribution for Dumfries and Galloway;2;T;dc2f90f9-02d2-4f47-b473-e7bf104530c9;;;;;;;;;
RECORD Coccinellidae Data;2;T;0c8a1eba-904f-4ed9-aef2-44b3acb00351;;;;;;;;;
Muséum_de_Toulon_et_du_Var_2017_12_18;NA;NA;681481f5-6ea7-4095-a015-f4a5be54765c;;;;;;;;;
Données Lépidoptères de l'Auvergne transmises par Pascal Peyrache.;NA;NA;91b61521-24c1-4d32-9963-480c50661a24;;;;;;;;;
données naturalistes de CHAUVELIER Claude;NA;NA;be5fd087-a839-4a1e-9fdf-811119db26da;;;;;;;;;
Inventaires faune;NA;NA;d4df21c8-c2cb-4b15-bec3-ec177e1c2455;;;;;;;;;
Atlas of Life in the Coastal Wilderness;1;F;e3e48696-f083-4c3a-8c5b-efb1589c54db;;;;;;;;;
DDT05_2017_12_18;NA;NA;0411f349-bbe6-4e47-969e-f06d2d07779d;;;;;;;;;
Leicestershire & Rutland Coleoptera;2;T;65de5d76-0bf7-4010-ac38-74b63cdb1bb7;;;;;;;;;
Taxa occurrence (presence/absence) and composition of benthic macroinvertebrates from trawl surveys (2003-2017) conducted on Lake Victoria, Uganda;3;T;1882cf98-ecdb-4217-9fb7-7b6a02bc0ebf;;;;;;;;;
Dragonflies and Damselflies 1862-2013;2;T;b005b9fb-85ed-4950-b96c-6b200cf559d6;;;;;;;;;
UCT: Southern African Butterfly Conservation Assessment (1815-2009);3;T;590471f8-1497-4158-ab7f-b9294b656cda;;;;;;;;;
Données de rhopalocères récoltées par le CEN Aquitaine en 2011 et 2012;4;T;165289f9-f323-47aa-ac69-f50a27c51406;;;;;;;;;
DEMNA-DNE : Exotic animal occurrences in Wallonia, Belgium;2;T;cdc76698-d92d-4a0b-b8d5-04ba3b22defd;;;;;;;;;
Inventaire entomologique standardisé des ZNIEFF de Martinique, protocole utilisé à partir de 2016;3;F;467aa349-720b-44d0-93b6-0d3b2d7058f2;;;;;;;;;
DBRC Hemiptera species records 1969 to 2015;2;T;ff8ccd90-5f18-47ce-af29-c2d8bcfb8dc7;;;;;;;;;
MEMO-Monitoring exotic mosquitoes in Belgium;3;T;a178c443-d737-4938-b983-5fa8e50936fe;;;;;;;;;
RNF - Données de l'Association GEREPI (GEstion de la REserve naturelle nationale du PInail);NA;F;5161123f-d807-409a-9d09-a9464cfa4876;;;;;;;;;
Programa de seguimiento de mariposas diurnas del País Vasco;NA;T;b26baf87-6e82-4934-9c7b-f33d69b15f8d;;;;;;;;;
Dragonfly Records;1;T;7106ea48-649c-484f-bf99-39837959287c;;;;;;;;;
GRENHA_2017_12_18;NA;F;6978dbb1-a726-4ad9-b064-1e1cad3bc889;;;;;;;;;
Données de la structure Seine-et-Marne Environnement provenant de la base de donnée du SINP Île-de-France CETTIA;NA;NA;ef4bd28b-4a8f-49a1-aea6-85973c073f2c;;;;;;;;;
Data from Defra Family Organisations supplied to Staffordshire Ecological Record;2;F;c1df184e-1340-4ab1-a045-b6e4752f7fa2;;;;;;;;;
Dung Beetles of the Western Palaearctic;3;T;bcbfd319-8813-4b6d-b529-07dc5a6ccf56;;;;;;;;;
NE Scotland beetle records 1800-2014;2;T;83501c7f-a413-45c7-a5d5-c9bf94fa37ef;;;;;;;;;
RHS berberis sawfly (Arge berberidis) monitoring;2;T;a7c1e188-5a04-47fb-8fe1-6a3bcbb1b98c;;;;;;;;;
Patrick Roper’s Notebooks;3;T;8c3e7db0-5c1a-49df-af56-9cb84d8511ff;;;;;;;;;
Survey and monitoring records for Scottish Wildlife Trust reserves from reserve convenors and Trust volunteers - Verified data;2;F;a8c8144a-3693-4d92-8bc4-49e00dd8defc;;;;;;;;;
Données naturalistes de Matthias COLIN;NA;NA;a105f3c1-aea1-41db-9c85-67374df25325;;;;;;;;;
Atlas des Orthoptères et Mantides de France métropolitaine;NA;T;d9e6df9f-4d2f-4450-b730-e9070e9fab06;;;;;;;;;
Mohonk Preserve Historical Observational Biodiversity Data;3;F;23a34e86-a0da-4119-b675-7077ff6b3808;;;;;;;;;
EDIT - ATBI in Mercantour/Alpi Marittime (France/Italy);2;F;95d672e8-f762-11e1-a439-00145eb45e9a;;;;;;;;;
Données naturalistes de Pierre DUFRENE;NA;NA;ab3441d1-6e2c-4e39-b2c4-fabf017b45ed;;;;;;;;;
Alterra (NL) - Entomofauna inventory in riverside grasslands;3;F;d89cb35d-83db-47fa-8110-6649c269b380;;;;;;;;;
Données de MOULIN Nicolas (SAPROX);NA;T;54ac835c-0259-4ac5-b91b-b5cbc5ac1b08;;;;;;;;;
Observations naturalistes et collection entomologique en Guyane (SEAG, Julien Touroult);NA;NA;a73d9e11-def6-4644-88fd-8cc40d9b8ffe;;;;;;;;;
Données naturalistes de Julien DELNATTE;NA;NA;9702638f-378a-4a61-afe1-ce521dc9b660;;;;;;;;;
Données de la structure Agrenaba (Association de Gestion de la Réserve naturelle de la Bassée) provenant de la base de donnée du SINP Île-de-France CETTIA;NA;NA;3db52012-62cf-40bf-822e-f59466139e3c;;;;;;;;;
Calliphoridae (Diptera) del Páramo de Belmira;3;F;310714fe-57a1-4cc2-9689-69471bd289ea;;;;;;;;;
Meetnetten.be - Population counts for dragonflies in Flanders, Belgium;3;T;e0bbc7b4-c22e-42b7-8c0c-2deb26495948;;;;;;;;;
Données naturalistes de Jean-Paul LECHAPT;NA;NA;5c5cb902-8c57-4488-b453-1b13eb151a8b;;;;;;;;;
NRW Regional Data: South East Wales Non-sensitive species;2;F;e36c72ed-3b15-49f8-97fc-faaa467eb59e;;;;;;;;;
Mosquito Alert: Tiger Mosquito Dataset;1;T;1fef1ead-3d02-495e-8ff1-6aeb01123408;;;;;;;;;
Sheffield and Rotherham Wildlife Trust - Records;2;F;cef450df-7155-4c9d-9eb3-7b9b4d868bfa;;;;;;;;;
Staffordshire Wildlife Trust Nature Reserves Inventory;2;F;2a101f26-35e1-4197-94ec-bd25033292a7;;;;;;;;;
Sciomyzidae Recording Scheme;2;T;0ff1dbf3-7e14-41ec-9394-3c5813fee491;;;;;;;;;
Données d'odonates récoltées en 2013 et 2014 par le CEN Aquitaine / PRAO 2013 - 2017;4;T;f36b54b3-fedd-4191-8a49-9f3d9d85d58b;;;;;;;;;
RNF - Données de l'association de la RN du lac de Remoray;NA;NA;5c628ff4-7406-4d8c-9a6b-276eb02eb305;;;;;;;;;
Données naturalistes de Benjamin CALMONT;NA;NA;e06381a8-4bb9-4c34-a35a-fd6cb7101a12;;;;;;;;;
Données du naturaliste Gibeaux Christian provenant de la base de donnée du SINP Île-de-France CETTIA;NA;NA;4fff018a-40b9-4260-b977-f3b699981217;;;;;;;;;
Abejas (Hymenoptera: Apoidea: Anthophila) en un bosque seco tropical del Parque Natural Regional Los Besotes, Valledupar - Cesar, Colombia;3;T;7ae20239-e677-4943-9699-28939a796e24;;;;;;;;;
Tiroler Landesmuseum Ferdinandeum;NA;NA;7b904404-f762-11e1-a439-00145eb45e9a;;;;;;;;;
Données rhopalocères collectées par le CEN Aquitaine entre 1970 et ;3;T;de64738a-f7da-4ca5-a457-dc20c92a511a;;;;;;;;;
Données de présence collectées sur les rhopalocères;4;T;45043b88-1ebd-4d62-9fd9-61c808edc832;;;;;;;;;
Evaluación de los insectos visitantes florales del café en Colombia;3;T;9d0f0624-af14-4973-8e06-c552fd68430e;;;;;;;;;
Données opportunistes fortuites sur les rhopalocères récoltées lors des prospections terrains;NA;T;3cfbe8d0-76f1-41d5-b606-b8f63abeee8c;;;;;;;;;
Dipterists Forum: Field Week 2015 (Nottinghamshire);2;T;41c3ea59-4cba-4708-bb9d-2b5ad9a402e7;;;;;;;;;
List of animalia, fungi and plant species recorded through naturalist observations and research activities in Benin. Data mobilized in the framework of a JRS Biodiversity Foundation project of Benin;2;F;19cb2741-a430-4139-8680-e11eba996978;;;;;;;;;
Animals of Ukrainian Slobozhanshchina and Polissia;3;F;18d99191-3386-4787-ab1d-95a2e5126558;;;;;;;;;
Prospections des invertébrés terrestres - La Planète Revisitée Corse 2019;3;F;d1a42105-df9a-49fb-808b-99f0b5cc49b5;;;;;;;;;
Dragonfly (Odonata) species records up to 1997 held by Leicestershire Environmental Resources Centre;2;T;506539da-ee72-4db2-ae0f-b1d907c28fec;;;;;;;;;
Données d'occurrence Espèces issues de la base Natura 2000 : espèces d'intérêt communautaire et autres espèces remarquables renseignées dans les FSD;2;T;6cbf7d4d-13cb-4604-8668-db68fe753349;;;;;;;;;
Données d'observateurs divers (observateurs transmettant un nombre de données peu élevé) saisies dans Cettia-idf;1;F;a8c38b89-47ff-4e0e-b16e-646899d1d3fd;;;;;;;;;
Atlas de la Biodiversité de Seine-et-Marne - volet 2;NA;F;0d244e22-1d10-494e-9e85-68c9c6e53fcd;;;;;;;;;
Inventaire des Noctuelles de Guyane (Lepidoptera : Euteliidae, Erebidae, Noctuidae, Nolidae);NA;T;829402be-43f2-4944-8e5d-d7935e24ce9d;;;;;;;;;
Données de la structure ANVL (Association des Naturalistes de la Vallée du Loing et du Massif de Fontainebleau) provenant de la base de donnée du SINP Île-de-France CETTIA;1;F;96296645-bae3-4114-be50-90bd6398097d;;;;;;;;;
Mayfly (Ephemeroptera) records from Britain and Ireland, via iRecord;2;T;10288b46-163b-4789-a95e-0a7cd0c504d4;;;;;;;;;
Arthropod fauna in christmas tree plantations;3;T;85f12e86-f762-11e1-a439-00145eb45e9a;;;;;;;;;
RISC Heteroptera Non-Native Species Records;1;T;8aacd135-497b-4284-aa8c-bc4f4e8822db;;;;;;;;;
Inventaire et suivi Rhopalocères;NA;T;0a7c41ce-596e-408f-ab86-0614aba3f750;;;;;;;;;
Données de l'association RENARD provenant de la base de donnée du SINP Île-de-France CETTIA;1;F;e9f5955b-0d3e-4560-b289-d1f26b3875be;;;;;;;;;
onnées du/de la naturaliste BITSCH Thomas provenant de la base de donnée du SINP Île-de-France CETTIA;3;NA;9452b0e4-7c3b-4f2e-b767-40b775e23f6c;;;;;;;;;
Etude mise au grand Gabarit Seine amont – Ecosphère;3;F;9b05f8c2-5901-46de-8912-e9ca46155869;;;;;;;;;
Leicestershire and Rutland Aculeate Records;2;F;76169bfa-0f39-479e-a3ec-4dfc47cb68f7;;;;;;;;;
Données de la structure Département 77 provenant de la base de donnée du SINP Île-de-France CETTIA;NA;NA;4939f5ba-e740-4f16-87fc-e2eac9b26cab;;;;;;;;;
Données des réserves naturelles nationales gérées par la Ligue pour la protection des oiseaux (LPO);NA;NA;217a1e61-33a1-471e-bb05-76cd2e22cb06;;;;;;;;;
Données naturalistes de Charlotte PICARD;NA;NA;6e6b3b6a-3452-491f-9d91-9ab571dfa03f;;;;;;;;;
Fauna y Flora de Cinaruco - 2014- 2016;3;F;2bee4a91-9d92-430e-a87e-ab32d3b1ce47;;;;;;;;;
Chrysomelidae of Central Europe;NA;F;82b7d2ec-f762-11e1-a439-00145eb45e9a;;;;;;;;;
Données 2016 odonates et Maculinea de l'Association naturaliste d'étude et de protection des écosystèmes CAUDALIS;1;T;9630efe2-42a8-42c4-a83a-65aa5aa7ade2;;;;;;;;;
Swiss National Cicadidae Databank;3;T;ed58b8fa-ad6c-4c73-99b8-813fd7689404;;;;;;;;;
Odonata records for Dumfries and Galloway.;2;T;86e04540-4f45-43b4-b878-ade541608280;;;;;;;;;
Parc_Naturel_Régional_du_Luberon_2017_12_18;NA;NA;a58685c7-1308-4ddd-a3e2-4555173fde07;;;;;;;;;
Butterfly_conservation_2017_12_18;NA;NA;13d53708-111d-40b3-ac66-b582f099685b;;;;;;;;;
FASFC - Exotic vector and pathogen surveillance programme in Belgium - Mosquitoes & Culicoides;3;T;403ac8e4-dfaa-4bcd-ab2e-f30f4632b12d;;;;;;;;;
Rapid Assessment Program (RAP) Biodiversity Survey Database;2;F;4d749d70-e2e1-11dd-8102-b8a03c50a862;;;;;;;;;
Hormigas en cultivos de naranja (Citrus sinensis (L.) Osbeck) de la costa Caribe de Colombia;3;T;90e99b1e-6ae4-4577-9679-ba4603e24f5c;;;;;;;;;
RNF - Données de l'association Nature Nord Isère LO PARVI;NA;NA;258c29cc-51f6-43f5-b702-3a833921a008;;;;;;;;;
Odonates des Antilles françaises;3;T;124129be-8d5e-4694-b1ae-32e84976f6d2;;;;;;;;;
Calliphoridae y Mesembrinellidae (Diptera) de la Sierra Nevada de Santa Marta;3;T;2751799f-c1e3-4f78-9d91-80b9596a2aa0;;;;;;;;;
Données de la structure SFO - Société Française d'Odonatologie provenant de la base de donnée du SINP Île-de-France CETTIA;2;T;90426bd9-2928-46c9-a1cd-b86deca94d56;;;;;;;;;
EXPLOR'NATURE 2017, inventaire biologique de la commune de Barcelonnette;NA;F;ed98d12f-a7ec-446d-b220-00959b80f124;;;;;;;;;
"Regroupement de données ""papillons menacés"" collectées par les réseaux entre 1990 et 2012";2;T;5cb593bb-ba38-4f48-b67e-e3907df24b16;;;;;;;;;
Carabidae of Mordovia State Nature Reserve;NA;T;4b901e9a-18c4-473c-a56d-b7689b55ecbc;;;;;;;;;
Hétérocères de La Réunion;NA;NA;656fa586-ec8a-4d27-aaa2-a54629c82296;;;;;;;;;
Parc_Naturel_Régional_du_Verdon_2017_12_18;NA;NA;716225f1-1257-4b54-a364-b22c327f0a71;;;;;;;;;
Données de la structure Opie (Office pour les insectes et leur environnement) provenant de la base de donnée du SINP Île-de-France CETTIA;2;F;db9b82dc-1662-4557-bb6e-196c38f2c2c6;;;;;;;;;
Ecosphère_2017_12_18;NA;NA;52706381-1873-4712-b567-30deecde79fa;;;;;;;;;
Données de présence récoltées;NA;NA;7ec77cf4-cc93-4bdc-b7d7-f3a50a4c84ee;;;;;;;;;
Données d'invertébrés;NA;NA;f2df8baf-aaa3-4aa6-a593-c7bb2785b7e4;;;;;;;;;
ConDidact Citizen Science Surveys - Spiders 2004 Butterflies 2005;;T;84cca7ba-f762-11e1-a439-00145eb45e9a;;;;;;;;;
Inventaire et suivi Odonates;NA;T;deec913d-9a81-4904-a972-aed476d31c6d;;;;;;;;;
Grand_Site_Sainte-Victoire_2017_12_18;NA;NA;0d417a7f-4900-4246-ab1a-bf55bfdab994;;;;;;;;;
Dipterists Forum - Field Weeks 2000 & 2001 (Cornwall & Devon);2;T;1a635d8e-8a8a-4850-9d44-66a6d5f68885;;;;;;;;;
Données naturalistes d'Alain BERLY;NA;NA;abe19638-cfb5-45e6-ba70-bf045f2b143c;;;;;;;;;
Données du naturaliste Tillier Pierre provenant de la base de donnée du SINP Île-de-France CETTIA;NA;NA;cc29d42b-fcfa-4874-88aa-9c349d1d5178;;;;;;;;;
Swiss National Owlflies Databank;2;T;7e864146-18c2-469c-9c78-a7082cdbddd7;;;;;;;;;
SEWBReC Caddisflies (South East Wales);2;T;3b91df32-521d-4351-a45a-d4a45debbc81;;;;;;;;;
Données du/de la naturaliste Chevallier Laurent provenant de la base de donnée du SINP Île-de-France CETTIA;NA;NA;c4abf9ca-0cdf-4b68-9c48-f5e63983c4af;;;;;;;;;
PINK - Dragonfly (Odonata) monitoring for the permanent surveillance of coastal areas in Flanders, Belgium;3;T;10b6b3f2-ce6e-47d8-bad1-a948349b7bef;;;;;;;;;
Manx Biological Recording Partnership UNVERIFIED Isle of Man records between 14/02/2017 and 05/09/2019;2;F;ad73fa3b-cc93-4709-a41d-dbac4ac3d21d;;;;;;;;;
Conventions d’étude sur la biodiversité française – Partenariats du Service du patrimoine naturel;NA;NA;e54e33cb-83fc-4bdd-8301-7050825f3e2b;;;;;;;;;
Données naturalistes de FLEURY Julien;NA;NA;0f6a7e23-309e-4bbd-8126-d4edc1d1b7ea;;;;;;;;;
Données du naturaliste MERIT Xavier provenant de la base de donnée du SINP Île-de-France CETTIA;NA;NA;e01e2f95-7c4c-4310-8bc9-90f1997042b0;;;;;;;;;
Heleomyzid Recording Scheme - data verified via iRecord;2;T;5e096c60-f909-4213-9cf3-05b1f2ad5a5e;;;;;;;;;
A_ROCHA_2017_12_18;NA;NA;9d1a3db7-b8a8-4936-9159-4548a7d9e535;;;;;;;;;
Manscape;3;T;312bb844-4980-4b1a-a64b-e79f9ac083a4;;;;;;;;;
The atlas of butterflies in Kraków;NA;T;0d9f8ae0-33cf-11de-afc5-b8a03c50a862;;;;;;;;;
Projet SYRFID 2 (données bibliographiques sur les Syrphes de France);NA;T;6de8fe45-fecc-4957-a2c1-9cd23879d215;;;;;;;;;
Records of herpetobiotic and other insects within steppe area of Ukraine. Part 1. Kherson and Zaporizhzhia Regions, 2019-2021;3;F;428a17d8-a980-49e7-a7bb-21687fb5003e;;;;;;;;;
Regroupement de données Odonates;4;T;e6c891bc-f7fa-48f0-9e6d-aa8364097f52;;;;;;;;;
Données RNF - PNR des ballons des Vosges;NA;NA;8789d659-e98c-40ab-8a96-43086d95c5aa;;;;;;;;;
Meetnetten.be - Transects for dragonflies in Flanders, Belgium;3;T;9100f482-848c-42e7-bf7c-19947885ce48;;;;;;;;;
Sepsidae Recording Scheme - records verified via iRecord;2;T;febe3d7b-59a7-45c1-abbd-bd610e85823b;;;;;;;;;
MODIRISK: Monitoring of Mosquito Vectors of Disease (inventory);3;T;6679952f-649b-4888-bd97-00daca4b8cc1;;;;;;;;;
Dipterists Forum - Recording Scheme - Stilt & Stalk Flies;2;T;926f5a1c-8995-498a-913b-fe0312e1071f;;;;;;;;;
Données du naturaliste Larregle Guillaume provenant de la base de donnée du SINP Île-de-France CETTIA;NA;NA;5bb4bd79-be45-4618-bee9-3355dc1feb51;;;;;;;;;
Données du/de la naturaliste Branger Fabien provenant de la base de donnée du SINP Île-de-France CETTIA;NA;NA;6f6e5a57-cece-487b-a436-44e52f23617b;;;;;;;;;
Commissioned surveys and staff surveys and reports for Scottish Wildlife Trust reserves - Unassessed data;2;F;51de9c85-0337-4c68-9783-f13bc0aac15f;;;;;;;;;
Inventaire permanent des invertébrés de Haute-Normandie;NA;NA;5a75aafc-9ddf-4c43-b30a-af7f80ecee49;;;;;;;;;
NATURALIA_2017_12_18;NA;NA;50d9be1e-93e7-446d-a8c8-6e30dbc1f646;;;;;;;;;
Merseyside BioBank Active Naturalists (verified);2;F;b480871a-6c2f-4c35-ab94-6de203c4ff28;;;;;;;;;
Diversidad de mariposas (Lepidoptera: Hesperioidea-Papilionoidea) en dos zonas del departamento del Vaupés;3;T;27a836ef-08eb-4006-90a4-9accaf174995;;;;;;;;;
Artròpodes d'Andorra;2;F;01ebc7a6-18ad-4755-a619-dfeccba0eb57;;;;;;;;;
BioGIS - Israeli Lepidopterists Society;1;T;9f113fae-1666-4bdc-99af-4d0c94beb936;;;;;;;;;
Données faune ZNIEFF de l'Association naturaliste d'étude et de protection des écosystèmes CAUDALIS;NA;F;aed76db5-bf6c-40f1-a5b3-542040a83185;;;;;;;;;
Données du naturaliste Maillard Bernard provenant de la base de donnée du SINP Île-de-France CETTIA;NA;NA;bc3092fb-ccb7-4ba4-8bc3-93e599f341c1;;;;;;;;;
Données opportunistes sur les odonates collectées par les agents du Département de la Gironde entre 2009 et 2015;2;T;6eda8bc2-7256-4949-8fd8-3d4cae3ca0f5;;;;;;;;;
Données de la structure Communauté d’Agglomération Paris Val de Marne provenant de la base de donnée du SINP Île-de-France CETTIA;NA;NA;711ad0c8-5cd2-40be-b10b-c5c84e46d68d;;;;;;;;;
Données de Cerambycidae et de Scarabaeoidea du Limousin;NA;T;18ce0004-0301-4b4b-86f2-9144000226c3;;;;;;;;;
SER Site-based Surveys;3;F;8821e36f-2d25-44c8-a95e-fb978f38ecde;;;;;;;;;
Sciomyzidae Recording Scheme - iRecord;2;T;60202510-efd9-4f3c-95cc-56a950b2e033;;;;;;;;;
Valoración de los grupos funcionales de taxones de insectos en suelos del ecosistema palmero en la subregión palmera Norte, desarrollado en el marco del Proyecto Gef- Colombia Paisaje Palmero Biodiverso – PPB;3;F;1b5afc19-0494-486b-bbb1-334cc575cd8c;;;;;;;;;
Données Odonates 2015 de l'Association naturaliste d'étude et de protection des écosystèmes CAUDALIS;NA;T;d67d398d-e252-4cbe-9f04-934415445008;;;;;;;;;
Fife Nature Records Centre combined dataset 2018/19;2;F;d96a84de-dba2-4134-b911-4556074f15e6;;;;;;;;;
Carabidae of the Tatra Mts.;3;T;1c8df1b0-30b2-11de-b171-b8a03c50a862;;;;;;;;;
Insectes Coléoptères Scarabéidés Laparosticti de France métropolitaine (enquête 2);NA;T;7126858d-9bfc-4097-b42d-c3b6e20a74ff;;;;;;;;;
Données de Lépidoptères de Bruno DAUGET - Dépt de l'ALLIER (03);NA;T;e319ac8b-b424-4273-990b-94b39a767701;;;;;;;;;
Chrysomelidae of Poland;NA;T;66a19130-30b2-11de-b171-b8a03c50a862;;;;;;;;;
Inventaire et suivi Odonates;NA;T;36c73b4b-9b3d-4ba7-8bb9-7177b224aace;;;;;;;;;
Hormigas de la transición matriz - borde - interior de bosque de Fragmentos de Bosque Seco Tropical del Valle del Cauca;3;T;78daa98f-8351-48ba-b9ae-8ffa0a8d9560;;;;;;;;;
EDP Foz Tua: Arthropoda – Environmental Impact Assessment [2006-2008];3;F;85a3c886-3312-45c9-b040-4d7634653246;;;;;;;;;
Données du/de la naturaliste Vindras Laurent provenant de la base de donnée du SINP Île-de-France CETTIA;NA;NA;640a45f3-ccdf-4df1-9675-62e1993073ad;;;;;;;;;
Données du naturaliste MUNIER THIERRY provenant de la base de donnée du SINP Île-de-France CETTIA;NA;NA;3cabd0cd-ab6d-4fc2-86e8-10797434d81a;;;;;;;;;
Données du naturaliste Thierry Roy provenant de la base de donnée du SINP Île-de-France CETTIA;NA;NA;69cf8bf0-0e90-4742-8970-4df15c123691;;;;;;;;;
Mapping and monitoring of the Chequered Blue Butterfly Scolitantides orion 2010-2020;3;T;f1af1d2b-2d22-48e5-857c-0048710e0c16;;;;;;;;;
Stonefly (Plecoptera) records from Britain and Ireland, via iRecord;2;T;d57e08b7-391c-44fd-bdcd-0694f7e223a3;;;;;;;;;
Données Odonates du Parc Naturel Régional du Perche;NA;T;f1dad6ba-2804-4bac-bdb2-6fa99bff3438;;;;;;;;;
Observations et collection de Coléoptères d'Alain Sadorge;NA;T;ae909e95-2935-4476-8643-63d476103cb5;;;;;;;;;
Hormigas de la transición matriz - borde - interior de bosque de Fragmentos de Bosque Seco Tropical del Valle del Cauca;3;T;78daa98f-8351-48ba-b9ae-8ffa0a8d9560;;;;;;;;;
EDP Foz Tua: Arthropoda – Environmental Impact Assessment [2006-2008];3;F;85a3c886-3312-45c9-b040-4d7634653246;;;;;;;;;
Données du/de la naturaliste Vindras Laurent provenant de la base de donnée du SINP Île-de-France CETTIA;NA;NA;640a45f3-ccdf-4df1-9675-62e1993073ad;;;;;;;;;
Données du naturaliste MUNIER THIERRY provenant de la base de donnée du SINP Île-de-France CETTIA;NA;NA;3cabd0cd-ab6d-4fc2-86e8-10797434d81a;;;;;;;;;
Mapping and monitoring of the Chequered Blue Butterfly Scolitantides orion 2010-2020;3;T;f1af1d2b-2d22-48e5-857c-0048710e0c16;;;;;;;;;
Stonefly (Plecoptera) records from Britain and Ireland, via iRecord;2;T;d57e08b7-391c-44fd-bdcd-0694f7e223a3;;;;;;;;;
Données Odonates du Parc Naturel Régional du Perche;NA;T;f1dad6ba-2804-4bac-bdb2-6fa99bff3438;;;;;;;;;
Données LPO Réserve naturelle nationale Marais de Müllembourg;2;F;5686f1a4-0da5-4264-be76-8a0ac1e7d6fa;;;;;;;;;
Observations et collection de Coléoptères d'Alain Sadorge;4;T;ae909e95-2935-4476-8643-63d476103cb5;;;;;;;;;
Données odonates collectées par le CEN Aquitaine entre 1995 et 2015;NA;T;45465090-7ad9-4874-94af-9aecd16c06ac;;;;;;;;;
The Orthoptera of Castro Verde Special Protection Area (Southern Portugal);3;T;65f32597-48a7-4877-ae13-e4256b51fb6b;;;;;;;;;
Suivi de l'expansion du Frelon asiatique (Vespa velutina) : données exclues de l'inventaire Frelon;2;T;a1077e55-120b-4c31-9a6b-ca7c210f5b04;;;;;;;;;
DREAL_PACA_-_N2000_-_Office_National_des_Forêts_05_2017_12_18;NA;NA;ea94712d-0ac5-465d-a42b-8c600f005241;;;;;;;;;
Données naturalistes de Monsieur LAFAGE Denis;NA;NA;5bd30d93-14a4-463b-bef1-b5bb8690562d;;;;;;;;;
Données du naturaliste Parisot Christophe provenant de la base de donnée du SINP Île-de-France CETTIA;NA;NA;514c7772-7282-4162-8ebb-f42846398980;;;;;;;;;
Cerambycidae Dataset;2;T;120b7285-b1e6-4653-ab30-8d4231ccc9bc;;;;;;;;;
Woodmeadow Invertebrate Survey 2017;3;F;abbab93b-ab81-47f4-b825-85bbbc210e94;;;;;;;;;
Borders Backyard Biodiversity;1;F;852348b9-453f-4aa2-a9db-69f9cda6fc77;;;;;;;;;
Données naturalistes de Cyrille DELIRY;NA;NA;8a0b1f23-f912-4b35-828b-83d3a7aa28bb;;;;;;;;;
Shire Group IDB species data 2004 to present;3;F;3c3a7955-e23b-45f7-ab29-fe8bc5876585;;;;;;;;;
Données du naturaliste Maxime Zucca provenant de la base de donnée du SINP Île-de-France CETTIA;NA;NA;fa186af6-703e-43a5-9c8e-bb2726e13807;;;;;;;;;
Modernisation des ZNIEFF du PnrL;NA;NA;05b22baa-5b85-4212-a93a-2fe81f5254dd;;;;;;;;;
FBIP: The effect of land-use on the butterfly diversity of ecological refugia within an agricultural landscape;3;T;9b39760c-6b42-468e-9059-9f1a5d65f490;;;;;;;;;
Données de présence collectées sur les odonates;4;T;8498dd6f-9fe8-4651-b017-0d012dd09bcc;;;;;;;;;
UK Biodiversity Action Plan Invertebrate Data for Wales;2;F;ac567b66-ed97-45c2-bc07-6f8604ee96d7;;;;;;;;;
Coleoptera of Togo: data of the LEA Insect Collection of the University of Lome;3;T;38fdd8b7-4e48-452c-8c05-673e6f6829af;;;;;;;;;
SSNATV_2017_12_18;NA;NA;33c95d96-d331-45c7-9134-42f0c5b3f128;;;;;;;;;
Upper Murrumbidgee Waterwatch;2;T;ce1faba4-d8d9-46ac-ba26-cffe03eadc99;;;;;;;;;
Données du naturaliste DELAPRE Jean-Pierre provenant de la base de donnée du SINP Île-de-France CETTIA;NA;NA;6f061e68-f8ee-4194-9836-367a63d5ef07;;;;;;;;;
DBRC Hymenoptera species records 1975 to 2015;2;T;68ff0485-b37a-47ca-9016-7054d07e80b9;;;;;;;;;
Données du naturaliste Fougère Benjamin provenant de la base de donnée du SINP Île-de-France CETTIA;NA;NA;63dd162f-2348-4c59-be17-a34a645b6fc3;;;;;;;;;
Jeu de données convention FEGVE-SPN-2012-2016;3;NA;752a8459-f10a-4133-aa21-4f55f8a27b73;;;;;;;;;
Inventaires et suivi Odonates - Protocole STELI;3;T;4b74f1d2-b8de-477b-a7e9-7e6e4bd4f63e;;;;;;;;;
Données de la structure Département 95 provenant de la base de donnée du SINP Île-de-France CETTIA;NA;NA;44d1aea2-0b02-4077-91e2-6f85a8f0e382;;;;;;;;;
Transferts SI Faune - Données naturalistes opportunistes de Sylvain BONIFAIT;NA;NA;bcadbe1a-e837-4134-a321-80c3744fc763;;;;;;;;;
Données du naturaliste ducourneau philippe provenant de la base de donnée du SINP Île-de-France CETTIA;NA;NA;a809d28c-110c-43c5-98d4-67b92951f9a5;;;;;;;;;
Fortalecimiento de las colecciones de ECOSUR. Primera fase (Entomologica San cristóbal);3;F;80633a90-f762-11e1-a439-00145eb45e9a;;;;;;;;;
Données DREAL Centre-Val de Loire - Faune - 2018;4in;T;bdfcaacc-c50a-4d6b-a87f-912460721816;;;;;;;;;
Collection de longicornes et autres coléoptères saproxyliques d'Hervé BRUSTEL;3;T;10f2c4ee-4b24-40e9-886b-d7d0067f8c14;;;;;;;;;
Invasive Species and Pests;2;T;d0cee8f6-dbf9-4355-a9c2-62ab51fe36fd;;;;;;;;;
Observations de Coléoptères saproxyliques de Frédéric LACOSTE;NA;T;e1d4def9-b584-4792-85fe-89e5ae5db3ac;;;;;;;;;
Yoann_BLANCHON_2017_12_18;NA;NA;64a043b0-6bd4-44bd-a6d5-8e5f472fbe3d;;;;;;;;;
Données naturalistes hors Île-de-France saisies dans Cettia-idf;2;F;e636f148-49b7-4774-b17e-d41bd3d1b63f;;;;;;;;;
Inventaire entomologique standardisé des ZNIEFF de Martinique, protocole utilisé en 2014 et 2015;3;T;85c5d5a9-e0d6-46a9-a726-15b590a83e62;;;;;;;;;
Biodiverskripsi: Biodiversity Theses Database;4;F;ca58433a-3ff8-492f-9d7b-6f6d289eb6d6;;;;;;;;;
Données rhopalocères 2007/2014 Marais du Logit;2;T;f217baff-4890-4ecf-aa60-6defdc66731d;;;;;;;;;
TWIC Biodiversity Field Trip Data (1995-present);2;F;c0e410ad-0d01-49f3-a837-71982c0e0c32;;;;;;;;;
Macroinvertebrados del Área Serranía De Los Churumbelos Auka Was asociados a la calidad del agua;3;T;6ef4f828-093b-48a0-9215-d09e44ce9de7;;;;;;;;;
Données de Benjamin CALMONT 2012/2015;NA;NA;0d3f1746-10d6-432a-b3dc-efda6904e198;;;;;;;;;
Escarabajos estercoleros asociados a sistemas de ganadería sostenible en diferentes regiones de Colombia;3;T;160d7e0a-a763-4258-8ffd-db097ee8f2ab;;;;;;;;;
Données naturalistes de LUPOLI Roland;NA;NA;67e8af0c-3c38-4c9e-b3cf-e9c5316a8d23;;;;;;;;;
RHS Hemerocallis midge survey;2;T;48d5602a-fbea-417a-b5d3-46073a08efda;;;;;;;;;
Données du naturaliste Edouard Dieu;NA;NA;42bf11f4-c7eb-420c-9145-73204598d1a2;;;;;;;;;
Oil Beetle Recording Scheme - records verified via iRecord;2;T;ecd18a44-b841-4bfa-8b9d-b7e118640616;;;;;;;;;
Données naturalistes de Hervé BOUYON;NA;NA;ed524224-4cd7-4310-8f46-e434ae8d3b32;;;;;;;;;
Meetnetten.be - Egg counts for butterflies in Flanders, Belgium;3;T;53b55f0b-eace-46da-b414-351f092e1223;;;;;;;;;
"Sorties de terrain du Forum ""Le Monde des Insectes""";3;T;96d5dfa6-93d1-4686-b4df-6b256fb38e32;;;;;;;;;
ULg_Hexapoda;1;F;2d4aa27f-bacc-4dc2-a692-d25f5d812111;;;;;;;;;
Occurrences of the Insects in the Prioksko-Terrasny biosphere reserve;3;F;00bfd17f-4ebe-436a-b35d-4956b18060af;;;;;;;;;
Inventaire des Coléoptères Cerambycidae de Franche-Comté, Observatoire Régional des Invertébrés (ORI);Sammlung Entomologen;T;8bb7a55d-2f61-46fc-b419-20156e161cfe;;;;;;;;;
Insect species recorded in sugarcane fields of Khon Kaen Province, Thailand, over three seasons in 2012;3;F;308f7f4b-279c-457f-b6e3-ecfccd1b598d;;;;;;;;;
Données du naturaliste Piolain Julien provenant de la base de donnée du SINP Île-de-France CETTIA;NA;NA;e8183974-e88e-4d68-ab48-b28284770c24;;;;;;;;;
Inventaire des odonates dans le Parc national des Cévennes;4;F;f8ca1960-9390-4e66-b204-00ed31cb7b34;;;;;;;;;
"GEO-Hauptveranstaltung in ""Wildtierland""";3;F;713c2900-f762-11e1-a439-00145eb45e9a;;;;;;;;;
Données d'odonates récoltées en 2013 et 2014 par le CEN Aquitaine - Suivi Temporel des Libellules (STELI) / PRAO 2013 - 2017;NA;T;5991c9f5-6f12-4e89-aff6-328f5617c5d8;;;;;;;;;
Revue Alexanor [1959-];NA;NA;867ccde2-77b6-423d-9bc7-b94566bb593b;;;;;;;;;
Données naturalistes de Ségolène FAUSTEN;NA;NA;d921f444-3029-4ff9-876f-4bd412b1d3e4;;;;;;;;;
Estudios bióticos (Plantas, Fauna Edáfica, Anfibios y Aves) en los Complejos de páramos Chiles-Cumbal, La Cocha-Patascoy y Doña Juana Chimayoy.;3;F;cb8eee02-f83e-4591-bec3-87cdbfee0f59;;;;;;;;;
Données Nature 18 - Études faune 2016;NA;NA;350d3482-f9fe-45ba-8fd7-2a008385f633;;;;;;;;;
Effects of elevation gradient and aspect on butterfly diversity on Galičica Mountain in the Republic of Macedonia (south-eastern Europe);3;T;766cfff5-853d-4fb0-a4f7-2f7ef121a757;;;;;;;;;
Artrópodos de un bosque húmedo tropical adyacente a minas abandonadas en Jigualito, Condoto-Chocó, 2017;3;F;aae52145-9f53-4872-ad91-0a0c99e4e9b8;;;;;;;;;
Woodmeadow Invertebrate Survey 2016;3;F;b6a37bbd-95d2-4c5e-8b9e-3fbefd8bd8cd;;;;;;;;;
Estudios bióticos: Plantas, anfibios, mamíferos, aves y edafofauna epígea (coleópteros y arácnidos), en el complejo de páramo Los Nevados;3;T;6d4b3e65-5922-46bd-a9b5-9c80b19a28d0;;;;;;;;;
Données du naturaliste ROUDIE Gilbert provenant de la base de donnée du SINP Île-de-France CETTIA;NA;NA;b8697f09-9b81-474b-8c3c-e8954533537b;;;;;;;;;
Radnorshire Wildlife Trust records held by BIS;2;F;6e09f9dc-0bf2-4c20-8ff6-bd898bbc4831;;;;;;;;;
An Extended dataset of registration points of species listed in Resolution 6 and 4 of the Bern Convention;NA;NA;20f7dc5e-f6b6-4cba-8db3-4a522b7d08d8;;;;;;;;;
Données de FLEURY Julien (SAPROX);NA;NA;793d37c9-1c68-466f-bc8c-1bfe28aed527;;;;;;;;;
Alterra (NL) - Entomofauna inventory in edges of arable fields province of Groningen;3;F;afac4a15-ae13-42b0-911a-d9ec445e2849;;;;;;;;;
Orthoptera (and allies) records for Dumfries and Galloway.;2;T;aa764da1-8d58-4381-b926-f6a88163f2a3;;;;;;;;;
Species of plants, fungi and animals from separate territories of Podesinnia;3;F;646daa81-9b48-445a-9eba-56f73192f647;;;;;;;;;
Kenya Virtual Museum Records;1;F;999d8fed-d06d-48d8-87ee-cc36e6c8456c;;;;;;;;;
Données naturalistes d'Etienne HERAULT;NA;NA;2e42b3dc-267f-444e-a917-080c254fec5d;;;;;;;;;
Données du naturaliste MIGUET Pierre provenant de la base de donnée du SINP Île-de-France CETTIA;NA;NA;804c7b10-41a1-4422-b573-41aedb612a5d;;;;;;;;;
Données du naturaliste Doux Yves provenant de la base de donnée du SINP Île-de-France CETTIA;NA;NA;97ba3fd4-bfbb-4dc6-9298-b8c71ad630b7;;;;;;;;;
Lepidoptera (Observations);NA;T;1d5c2b00-0c66-11dd-84d2-b8a03c50a862;;;;;;;;;
Regroupement de données rhopalocères récoltées sur la période de 2010-2015 par Cistude Nature;NA;T;56083ea2-9b95-4cc0-af1d-1d6147b2bec2;;;;;;;;;
Native Species Surveys Across Wales (1978 to 2006);3;T;9501194c-ad89-4dd5-9cc7-04d74f9ea819;;;;;;;;;
EXPLOR'NATURE 2018, inventaire biologique de la commune de Sospel;NA;NA;d7fd91b2-25fe-4541-8b66-b37fe38941b2;;;;;;;;;
Données du programme 50000 observations pour la forêt;NA;NA;30b2cfa9-65a6-4338-8ef3-cf6daa210487;;;;;;;;;
Weevils of Poland;NA;NA;dda71480-30b2-11de-b171-b8a03c50a862;;;;;;;;;
Charles Darwin University Dragonfly Observations;NA;NA;96d36be8-f65b-4bce-ac40-05ad8cadc9a1;;;;;;;;;
Données rhopalocères 2007/2015 Marais du Conseiller;NA;T;7c662bcf-830f-4ddc-b52b-ce4d6bfeeabf;;;;;;;;;
2016-2018九份二山昆蟲調查;3;T;b6fccb11-dc9a-4cf6-9994-b46fbac5759f;;;;;;;;;
Inventaire éclair de Natureparif - Année 2015;NA;NA;b94cbceb-76c9-4a0a-a752-caa92d6613cf;;;;;;;;;
Moth Records of Ireland;2;T;be6e251d-cdf4-4784-8054-9f4be19ce3d9;;;;;;;;;
Woodmeadow Invertebrate Survey 2014;3;F;0f973260-8204-4037-bed5-aa064b1036cd;;;;;;;;;
Données naturalistes de Loïc SALAUN;NA;NA;868cfc73-d720-483e-9984-a7cd75fad7e8;;;;;;;;;
Inventaire éclair de Natureparif 2014;NA;NA;fea7a729-94f7-4a03-82ba-dabbf5ab00a5;;;;;;;;;
Survey and monitoring records for Scottish Wildlife Trust reserves from reserve convenors and Trust volunteers - Unassessed data;2;F;821765c9-59dc-4310-9970-d82c2eb9eff7;;;;;;;;;
Glasgow Museums BRC: Hemiptera;NA;T;9124d256-aa5f-4172-8f0d-08bf624cf899;;;;;;;;;
Other beetle records from National Stag Beetle Surveys 2006-2019;1;T;83cff6ec-743a-4dee-92de-71a3f0dd3d14;;;;;;;;;
Jeu de données convention Eurovia-SPN-2012-2016;NA;NA;aa35e7a6-9b69-4d22-ab22-4b84d3949d75;;;;;;;;;
BANDAPHO, BAse de DAtos sobre Aphodiidae;2;T;7a23f386-f762-11e1-a439-00145eb45e9a;;;;;;;;;
GEO-Hauptveranstaltung im Nationalpark Bayerischer Wald;3;F;636e91aa-f762-11e1-a439-00145eb45e9a;;;;;;;;;
Woodmeadow Invertebrate Survey 2019;3;T;ceac4558-4a9a-4cb4-917a-f2c99a112f35;;;;;;;;;
DREAL Auvergne - Insectes - 2015;NA;NA;7258e881-b6f9-405d-bc71-e638a21f2df9;;;;;;;;;
Records from the RHS insect reference collection;2;F;340984fa-507b-4aa6-b59c-cce1dcee339f;;;;;;;;;
Grasshoppers, Crickets and Allied Insects (Orthoptera) of Ireland;NA;T;626fca6f-8590-478b-a662-b9c82afad2b5;;;;;;;;;
Leicestershire and Rutland Protected and Conservation Priority/BAP Specie;2;T;8578e332-e4b6-4050-ae19-8ac9d0c49c96;;;;;;;;;
Données de Lépidoptères de Bruno DAUGET - Dépt du PUY-DE-DOME (63) - Contribution à l'Atlas écologique des Rhopalocères et Zygènes du Puy-de-Dôme;NA;NA;f13aaa9c-fa41-4659-903b-5869ee294a77;;;;;;;;;
SNH site condition monitoring of SSSIs for water beetles 2010;3;T;e336c199-0a34-4a59-b991-9dbb8b10ca26;;;;;;;;;
Données naturalistes de Xavier JAPIOT;NA;NA;0eb4ad83-f80d-4d86-83d8-f3a55ddd216f;;;;;;;;;
Réserve_Naturelle_de_Camargue_2017_12_18;NA;NA;906b2d3f-dbd7-4c5c-acfc-c572c35c2b5a;;;;;;;;;
Données de la structure Beaumonts Nature en Ville provenant de la base de donnée du SINP Île-de-France CETTIA;NA;NA;7154d3a7-371d-43f4-a342-ea5ad84837af;;;;;;;;;
Plantas, invertebrados y aves asociados a servicios ecosistémicos en el Valle del Tenza, Boyacá;3;F;8e792742-1f4e-4619-b39b-200b8685260a;;;;;;;;;
Records of Hawk Moths (Sphingidae) from Vermont, USA;NA;T;97f3fa73-3195-4af9-a14e-07030f00db96;;;;;;;;;
Données du/de la naturaliste Lantz André provenant de la base de donnée du SINP Île-de-France CETTIA;NA;NA;856b787f-114b-4f28-b1f6-360e03fdfab5;;;;;;;;;
Données de la collection Rousset -1947-2013;NA;NA;99c224fc-4717-418a-80fd-27ddac976e68;;;;;;;;;
Données naturalistes de la Société pour le Muséum d'Orléans et les Sciences (SOMOS);NA;NA;81a93d4b-cfd7-44e0-9a95-f9250d07b60e;;;;;;;;;
Données naturalistes de BILLI Frédéric;NA;NA;9c655684-0ccf-4bb7-8c23-1d879f4ab142;;;;;;;;;
Montgomeryshire Wildlife Trust records held by BIS;2;F;233ba471-91a2-47a4-9946-b7e844f2124c;;;;;;;;;
Données naturalistes de Christophe HANOT;NA;NA;8bcb10e8-12f6-4fd7-8884-90690ea1b9a0;;;;;;;;;
Macroinvertebrados y perifiton pertenecientes a cuatro regiones de Colombia;3;T;70790a0d-6cb3-4127-9bf9-8e8c55a1e1b9;;;;;;;;;
Données du naturaliste Pierre Rivallin provenant de la base de donnée du SINP Île-de-France CETTIA;NA;NA;4126beef-f40e-48c6-9798-41241ca01ea0;;;;;;;;;
Données du naturaliste Marquet Jacques provenant de la base de donnée du SINP Île-de-France CETTIA;NA;NA;2a7e9bd0-322f-4ff2-b31c-34eb9758aba1;;;;;;;;;
Waterbug Census;1;T;8442816f-cf5f-4c21-9d3d-5c368b4006d8;;;;;;;;;
2020_biodiversity_new_contents;NA;NA;8de067be-9e1e-4823-984e-44d329c2cadd;;;;;;;;;
Sbp-BioBlitz2017_60years-BiodiversityData;2;F;4dcfa4f3-7ebe-47d6-bd93-a85315c9f180;;;;;;;;;
Alterra (NL) - Entomofauna inventory in cattle grazed dune grassland;3;F;0a180756-7f7e-44c6-ba27-09d22f37e873;;;;;;;;;
Hosted Invertebrate Collection 01;NA;T;28913bf0-adee-11db-ad75-b8a03c50a862;;;;;;;;;
Inventaire et suivi pluriannuels Odonate;2;T;45e24212-6e3b-481d-91a9-76c252e0d580;;;;;;;;;
Coleópteros presentes en un proceso de restauración pasiva en bosque seco tropical;3;T;0a804191-aee4-4d44-99dc-dab5792c6d95;;;;;;;;;
Saproxylic insects caught in window traps and hatched from polypores in small and large old forests in southern Norway;3;T;04930329-93ce-4f80-8d67-423a526a736b;;;;;;;;;
Observations naturalistes de Philippe RAVAT. Inventaire entomologique du Morne Bigot;3;T;826e2ac8-8e47-41ad-bb05-d561325802e2;;;;;;;;;
Données du/de la naturaliste SALMON Anne-Sophie provenant de la base de donnée du SINP Île-de-France CETTIA;NA;NA;edd7a106-086a-4c45-9d5f-13cc31d5c781;;;;;;;;;
Données naturalistes de Julien BIRARD [Inventaire Eclair 18 juin];NA;NA;72d25812-af76-4ef0-9206-0f3c25d1aada;;;;;;;;;
Meetnetten.be - Site counts for butterflies in Flanders, Belgium;3;T;3dfbaea0-f5df-4978-b3a1-fb22edcde0de;;;;;;;;;
Woodmeadow Invertebrate Survey 2018;3;F;8092be2b-7d33-4d60-9479-aef3375368bb;;;;;;;;;
Données bibliographique de la base BOMBINA;4;F;378264b9-9622-4dc0-9b18-b39818c8898e;;;;;;;;;
Dipterists Forum: Field Week 2002 (Inverness);2;T;85e38c14-c3d4-4f16-b1dc-5cf0f5b601c8;;;;;;;;;
Anymals+plants - Citizen Science Data;1;F;e6c97f6e-e952-11e2-961f-00145eb45e9a;;;;;;;;;
Données du naturaliste persuy philippe provenant de la base de donnée du SINP Île-de-France CETTIA;NA;NA;cdf16217-d5f1-4e95-84fb-ff2bafff291b;;;;;;;;;
Alterra (NL) - Entomofauna inventory in Amerongen forest;3;F;ea53b031-75b8-47c7-8db9-4f59c58b000c;;;;;;;;;
"Primera caracterización biológica de hormigas del proyecto ""Incorporación de la Biodiversidad en el sector cafetero en Colombia""";3;T;6e2745d1-ebfe-400a-ae9f-81b405ae09bb;;;;;;;;;
Wildwatch North Pennines AONB project records for Cumbria;1;F;f03ae1bb-de27-45ea-bc58-4911e17d308f;;;;;;;;;
Données de Deschamps Pascal (SAPROX);NA;NA;b7f9bf35-2f33-4e3d-8732-fd4146d1dc0c;;;;;;;;;
Artenvielfalt auf der Weide - GEO-Hauptveranstaltung in Crawinkel;3;F;89d55c66-f762-11e1-a439-00145eb45e9a;;;;;;;;;
SMAEMV_2017_12_18;NA;NA;288b792a-840c-4712-9903-39c717410731;;;;;;;;;
Données naturalistes de Damien AVRIL;NA;NA;9ddfbe78-e30c-43b8-85a8-6952d88c8009;;;;;;;;;
Données du/de la naturaliste Delon Esteban provenant de la base de donnée du SINP Île-de-France CETTIA;NA;NA;dbdc77f8-f134-41b6-ac34-7d8d8eec6934;;;;;;;;;
Suivi de l'expansion du Frelon asiatique (Vespa velutina) : données confusions autres espèces;2;T;ab959114-4edf-40e4-a9d9-4b894235d7bc;;;;;;;;;
Données opportunistes sur les rhopalocères;4;T;ca0b53d1-7c0d-42c8-86a9-e0548bc4a39a;;;;;;;;;
Données du naturaliste Pierre Zagatti;NA;NA;3971bca0-8a36-48b0-850f-886eb89e527a;;;;;;;;;
Données de l'association Martinique Entomologie;2;T;2a84b1c7-1f64-47e8-b00a-0d6b712914b6;;;;;;;;;
DREAL_PACA_-_N2000_-_Mairie_de_la_Grave_2017_12_18;NA;NA;1e3037ac-1a97-4c75-9496-19dc66ac9f8e;;;;;;;;;
Manx Biological Recording Partnership VERIFIED Isle of Man records between 14/02/2017 and 05/09/2019;2;F;2120e938-254a-4de9-a5d4-2e7b4d7a5493;;;;;;;;;
Données LPO Réserve naturelle régionale du marais de la Vacherie;NA;NA;913fdc05-687e-4e46-953f-150a7594f340;;;;;;;;;
Some finds of insects (Insecta, Pterygota) in Kharkiv region, Ukraine;3;T;e1c67ddd-1027-4ed0-9835-bd7480c24aee;;;;;;;;;
Records of protected animal, plant and fungi species in Ukraine;2;T;08afaadf-34ba-4aeb-be23-027da1e38676;;;;;;;;;
Inventaire des Coléoptères cavernicoles des Pyrénées;3;T;7d5170c5-0d99-4f43-8f9c-bd18eb5ef7b5;;;;;;;;;
Natural Resources Wales Regional Data : Mid-Wales;2;F;abd3521c-f459-468e-9039-f989786147d4;;;;;;;;;
Synthèse 10x10km de la faune sauvage des Directives Oiseaux et Habitats-Faune-Flore recensée via les portails gérés par la LPO de 2013 à 2017;2;F;5aa17427-58c4-4221-bb6c-20ab297d6a02;;;;;;;;;
Some finds of insects (Insecta, Pterygota) in Kharkiv region, Ukraine;3;F;e1c67ddd-1027-4ed0-9835-bd7480c24aee;;;;;;;;;
Woodmeadow Invertebrate Survey 2015;3;F;09d0d38e-7912-44d1-9187-7f9dfa7bb57d;;;;;;;;;
Données de la structure ANCA (les Amis Naturalistes des Coteaux d'Avron) provenant de la base de donnée du SINP Île-de-France CETTIA;4;F;42410f5c-2e8e-4cea-8073-39a8d6afad48;;;;;;;;;
HBRG P.F. Entwistle Colln and Notebooks Dataset;NA;F;fc355172-2a32-4b83-a0dc-1800ae9f563e;;;;;;;;;
Données du naturaliste Sylvestre Plancke; NA;NA;e28d75be-56a1-4eb2-988e-cb560d44141b;;;;;;;;;
Hemiptera: Auchenorrhyncha: Records for Kent;1;T;744505cc-d9a7-4b00-a3cb-77826a46614b;;;;;;;;;
Natura 2000 Vallée de l'Esch, d'Ansauville à Jézainville;NA;NA;fc0dc229-85cc-4524-aa14-85b6dbd50f5b;;;;;;;;;
DREAL_PACA_-_N2000_-_Parc_Naturel_Régional_du_Verdon_2017_12_18;NA;NA;285a83aa-7b54-4da5-be2b-66eba069b8a1;;;;;;;;;
Leicestershire and Rutland Diptera;2;T;82df4d40-c76f-4053-a1c0-7c467e8a094d;;;;;;;;;
